Time,Source Address, Destination Addresss, Process ID 
Wed Feb 17 19:33:18 2021,,,
Wed Feb 17 19:33:18 2021,10.0.0.14,52.38.194.37,7552
Wed Feb 17 19:33:18 2021,10.0.0.6,224.0.0.251,4136
Wed Feb 17 19:33:18 2021,10.0.0.6,224.0.0.251,1912
Wed Feb 17 19:33:18 2021,10.0.0.6,224.0.0.251,4136
Wed Feb 17 19:33:18 2021,10.0.0.6,224.0.0.251,1912
Wed Feb 17 19:33:18 2021,10.0.0.14,47.254.148.3,6300
Wed Feb 17 19:33:18 2021,47.254.148.3,10.0.0.14,6300
Wed Feb 17 19:33:18 2021,47.254.148.3,10.0.0.14,6300
Wed Feb 17 19:33:18 2021,10.0.0.14,47.254.148.3,6300
Wed Feb 17 19:33:18 2021,10.0.0.6,224.0.0.251,4136
Wed Feb 17 19:33:18 2021,10.0.0.6,224.0.0.251,1912
Wed Feb 17 19:33:18 2021,10.0.0.14,47.254.148.3,6300
Wed Feb 17 19:33:19 2021,47.254.148.3,10.0.0.14,6300
Wed Feb 17 19:33:19 2021,10.0.0.14,47.254.148.3,6300
Wed Feb 17 19:33:19 2021,10.0.0.6,224.0.0.251,4136
Wed Feb 17 19:33:19 2021,10.0.0.6,224.0.0.251,1912
Wed Feb 17 19:33:19 2021,10.0.0.6,224.0.0.251,4136
Wed Feb 17 19:33:19 2021,10.0.0.6,224.0.0.251,1912
Wed Feb 17 19:33:19 2021,10.0.0.6,224.0.0.251,4136
Wed Feb 17 19:33:19 2021,10.0.0.6,224.0.0.251,1912
Wed Feb 17 19:33:19 2021,10.0.0.6,224.0.0.251,4136
Wed Feb 17 19:33:19 2021,10.0.0.6,224.0.0.251,1912
Wed Feb 17 19:33:19 2021,10.0.0.14,47.254.148.3,6300
Wed Feb 17 19:33:19 2021,47.254.148.3,10.0.0.14,6300
Wed Feb 17 19:33:19 2021,10.0.0.14,47.254.148.3,6300
Wed Feb 17 19:33:19 2021,47.254.148.3,10.0.0.14,6300
Wed Feb 17 19:33:20 2021,47.254.148.3,10.0.0.14,6300
Wed Feb 17 19:33:20 2021,10.0.0.14,47.254.148.3,6300
Wed Feb 17 19:33:20 2021,10.0.0.14,47.254.148.3,6300
Wed Feb 17 19:33:20 2021,47.254.148.3,10.0.0.14,6300
Wed Feb 17 19:33:20 2021,10.0.0.14,47.254.148.3,6300
Wed Feb 17 19:33:20 2021,47.254.148.3,10.0.0.14,6300
Wed Feb 17 19:33:20 2021,10.0.0.9,224.0.0.251,4136
Wed Feb 17 19:33:20 2021,10.0.0.9,224.0.0.251,1912
Wed Feb 17 19:33:20 2021,254.128.0.0,255.2.0.0,1912
Wed Feb 17 19:33:21 2021,10.0.0.6,224.0.0.251,4136
Wed Feb 17 19:33:21 2021,10.0.0.6,224.0.0.251,1912
Wed Feb 17 19:33:21 2021,10.0.0.14,47.254.148.3,6300
Wed Feb 17 19:33:21 2021,47.254.148.3,10.0.0.14,6300
Wed Feb 17 19:33:21 2021,10.0.0.14,47.254.148.3,6300
Wed Feb 17 19:33:21 2021,47.254.148.3,10.0.0.14,6300
Wed Feb 17 19:33:22 2021,10.0.0.15,224.0.0.251,4136
Wed Feb 17 19:33:22 2021,10.0.0.15,224.0.0.251,1912
Wed Feb 17 19:33:22 2021,254.128.0.0,255.2.0.0,1912
Wed Feb 17 19:33:22 2021,127.0.0.1,127.0.0.1,11848
Wed Feb 17 19:33:22 2021,127.0.0.1,127.0.0.1,11848
Wed Feb 17 19:33:22 2021,127.0.0.1,127.0.0.1,11848
Wed Feb 17 19:33:22 2021,127.0.0.1,127.0.0.1,11848
Wed Feb 17 19:33:22 2021,127.0.0.1,127.0.0.1,11848
Wed Feb 17 19:33:22 2021,127.0.0.1,127.0.0.1,11848
Wed Feb 17 19:33:22 2021,127.0.0.1,127.0.0.1,11848
Wed Feb 17 19:33:22 2021,127.0.0.1,127.0.0.1,11848
Wed Feb 17 19:33:22 2021,127.0.0.1,127.0.0.1,11848
Wed Feb 17 19:33:22 2021,127.0.0.1,127.0.0.1,11848
Wed Feb 17 19:33:22 2021,127.0.0.1,127.0.0.1,7552
Wed Feb 17 19:33:22 2021,127.0.0.1,127.0.0.1,7552
Wed Feb 17 19:33:22 2021,127.0.0.1,127.0.0.1,7552
Wed Feb 17 19:33:22 2021,127.0.0.1,127.0.0.1,7552
Wed Feb 17 19:33:22 2021,127.0.0.1,127.0.0.1,7552
Wed Feb 17 19:33:22 2021,127.0.0.1,127.0.0.1,7552
Wed Feb 17 19:33:22 2021,127.0.0.1,127.0.0.1,7552
Wed Feb 17 19:33:22 2021,127.0.0.1,127.0.0.1,7552
Wed Feb 17 19:33:22 2021,127.0.0.1,127.0.0.1,7552
Wed Feb 17 19:33:22 2021,127.0.0.1,127.0.0.1,7552
Wed Feb 17 19:33:22 2021,127.0.0.1,127.0.0.1,7552
Wed Feb 17 19:33:22 2021,127.0.0.1,127.0.0.1,7552
Wed Feb 17 19:33:22 2021,127.0.0.1,127.0.0.1,7552
Wed Feb 17 19:33:22 2021,127.0.0.1,127.0.0.1,7552
Wed Feb 17 19:33:22 2021,127.0.0.1,127.0.0.1,7552
Wed Feb 17 19:33:22 2021,127.0.0.1,127.0.0.1,7552
Wed Feb 17 19:33:22 2021,127.0.0.1,127.0.0.1,7552
Wed Feb 17 19:33:22 2021,127.0.0.1,127.0.0.1,7552
Wed Feb 17 19:33:22 2021,127.0.0.1,127.0.0.1,7552
Wed Feb 17 19:33:22 2021,127.0.0.1,127.0.0.1,7552
Wed Feb 17 19:33:22 2021,10.0.0.14,172.217.19.142,7552
Wed Feb 17 19:33:22 2021,127.0.0.1,127.0.0.1,7552
Wed Feb 17 19:33:22 2021,127.0.0.1,127.0.0.1,7552
Wed Feb 17 19:33:22 2021,127.0.0.1,127.0.0.1,7552
Wed Feb 17 19:33:22 2021,127.0.0.1,127.0.0.1,7552
Wed Feb 17 19:33:22 2021,127.0.0.1,127.0.0.1,11848
Wed Feb 17 19:33:22 2021,127.0.0.1,127.0.0.1,11848
Wed Feb 17 19:33:22 2021,127.0.0.1,127.0.0.1,11848
Wed Feb 17 19:33:22 2021,127.0.0.1,127.0.0.1,11848
Wed Feb 17 19:33:22 2021,10.0.0.14,172.217.19.142,7552
Wed Feb 17 19:33:22 2021,10.0.0.14,172.217.19.142,7552
Wed Feb 17 19:33:22 2021,10.0.0.14,172.217.19.142,7552
Wed Feb 17 19:33:22 2021,10.0.0.14,172.217.19.142,7552
Wed Feb 17 19:33:22 2021,127.0.0.1,127.0.0.1,7552
Wed Feb 17 19:33:22 2021,127.0.0.1,127.0.0.1,7552
Wed Feb 17 19:33:22 2021,127.0.0.1,127.0.0.1,7552
Wed Feb 17 19:33:22 2021,127.0.0.1,127.0.0.1,7552
Wed Feb 17 19:33:22 2021,127.0.0.1,127.0.0.1,7552
Wed Feb 17 19:33:22 2021,127.0.0.1,127.0.0.1,7552
Wed Feb 17 19:33:22 2021,127.0.0.1,127.0.0.1,7552
Wed Feb 17 19:33:22 2021,127.0.0.1,127.0.0.1,7552
Wed Feb 17 19:33:22 2021,127.0.0.1,127.0.0.1,11848
Wed Feb 17 19:33:22 2021,127.0.0.1,127.0.0.1,7552
Wed Feb 17 19:33:22 2021,127.0.0.1,127.0.0.1,11848
Wed Feb 17 19:33:22 2021,127.0.0.1,127.0.0.1,7552
Wed Feb 17 19:33:22 2021,127.0.0.1,127.0.0.1,11848
Wed Feb 17 19:33:22 2021,127.0.0.1,127.0.0.1,11848
Wed Feb 17 19:33:22 2021,127.0.0.1,127.0.0.1,11848
Wed Feb 17 19:33:22 2021,127.0.0.1,127.0.0.1,11848
Wed Feb 17 19:33:22 2021,127.0.0.1,127.0.0.1,11848
Wed Feb 17 19:33:22 2021,127.0.0.1,127.0.0.1,11848
Wed Feb 17 19:33:22 2021,47.254.148.3,10.0.0.14,6300
Wed Feb 17 19:33:22 2021,10.0.0.14,47.254.148.3,6300
Wed Feb 17 19:33:22 2021,10.0.0.14,172.217.19.142,7552
Wed Feb 17 19:33:22 2021,10.0.0.14,172.217.19.142,7552
Wed Feb 17 19:33:22 2021,10.0.0.14,172.217.19.142,7552
Wed Feb 17 19:33:22 2021,10.0.0.14,172.217.19.142,7552
Wed Feb 17 19:33:22 2021,10.0.0.14,172.217.19.142,7552
Wed Feb 17 19:33:22 2021,10.0.0.14,172.217.19.142,7552
Wed Feb 17 19:33:22 2021,10.0.0.14,172.217.19.142,7552
Wed Feb 17 19:33:22 2021,10.0.0.14,172.217.19.142,7552
Wed Feb 17 19:33:22 2021,127.0.0.1,127.0.0.1,11848
Wed Feb 17 19:33:22 2021,127.0.0.1,127.0.0.1,11848
Wed Feb 17 19:33:22 2021,127.0.0.1,127.0.0.1,11848
Wed Feb 17 19:33:22 2021,127.0.0.1,127.0.0.1,11848
Wed Feb 17 19:33:22 2021,127.0.0.1,127.0.0.1,11848
Wed Feb 17 19:33:22 2021,127.0.0.1,127.0.0.1,11848
Wed Feb 17 19:33:22 2021,127.0.0.1,127.0.0.1,11848
Wed Feb 17 19:33:22 2021,127.0.0.1,127.0.0.1,11848
Wed Feb 17 19:33:22 2021,127.0.0.1,127.0.0.1,11848
Wed Feb 17 19:33:22 2021,127.0.0.1,127.0.0.1,11848
Wed Feb 17 19:33:22 2021,127.0.0.1,127.0.0.1,11848
Wed Feb 17 19:33:22 2021,127.0.0.1,127.0.0.1,11848
Wed Feb 17 19:33:22 2021,127.0.0.1,127.0.0.1,11848
Wed Feb 17 19:33:22 2021,127.0.0.1,127.0.0.1,11848
Wed Feb 17 19:33:22 2021,127.0.0.1,127.0.0.1,11848
Wed Feb 17 19:33:22 2021,127.0.0.1,127.0.0.1,11848
Wed Feb 17 19:33:22 2021,10.0.0.14,172.217.19.142,7552
Wed Feb 17 19:33:22 2021,10.0.0.14,172.217.19.142,7552
Wed Feb 17 19:33:22 2021,47.254.148.3,10.0.0.14,6300
Wed Feb 17 19:33:23 2021,10.0.0.15,224.0.0.251,4136
Wed Feb 17 19:33:23 2021,10.0.0.15,224.0.0.251,1912
Wed Feb 17 19:33:23 2021,254.128.0.0,255.2.0.0,1912
Wed Feb 17 19:33:23 2021,10.0.0.6,224.0.0.251,4136
Wed Feb 17 19:33:23 2021,10.0.0.6,224.0.0.251,1912
Wed Feb 17 19:33:23 2021,127.0.0.1,127.0.0.1,7552
Wed Feb 17 19:33:23 2021,127.0.0.1,127.0.0.1,7552
Wed Feb 17 19:33:23 2021,127.0.0.1,127.0.0.1,7552
Wed Feb 17 19:33:23 2021,127.0.0.1,127.0.0.1,7552
Wed Feb 17 19:33:23 2021,47.254.148.3,10.0.0.14,6300
Wed Feb 17 19:33:23 2021,10.0.0.14,47.254.148.3,6300
Wed Feb 17 19:33:23 2021,47.254.148.3,10.0.0.14,6300
Wed Feb 17 19:33:23 2021,10.0.0.14,47.254.148.3,6300
Wed Feb 17 19:33:23 2021,47.254.148.3,10.0.0.14,6300
Wed Feb 17 19:33:23 2021,10.0.0.14,47.254.148.3,6300
Wed Feb 17 19:33:24 2021,10.0.0.6,224.0.0.251,4136
Wed Feb 17 19:33:24 2021,10.0.0.6,224.0.0.251,1912
Wed Feb 17 19:33:24 2021,47.254.148.3,10.0.0.14,6300
Wed Feb 17 19:33:24 2021,47.254.148.3,10.0.0.14,6300
Wed Feb 17 19:33:24 2021,10.0.0.14,47.254.148.3,6300
Wed Feb 17 19:33:24 2021,10.0.0.6,224.0.0.251,4136
Wed Feb 17 19:33:24 2021,10.0.0.6,224.0.0.251,1912
Wed Feb 17 19:33:24 2021,10.0.0.6,224.0.0.251,4136
Wed Feb 17 19:33:24 2021,10.0.0.6,224.0.0.251,1912
Wed Feb 17 19:33:24 2021,10.0.0.6,224.0.0.251,4136
Wed Feb 17 19:33:24 2021,10.0.0.6,224.0.0.251,1912
Wed Feb 17 19:33:24 2021,47.254.148.3,10.0.0.14,6300
Wed Feb 17 19:33:24 2021,10.0.0.14,47.254.148.3,6300
Wed Feb 17 19:33:24 2021,10.0.0.14,47.254.148.3,6300
Wed Feb 17 19:33:24 2021,10.0.0.6,224.0.0.251,4136
Wed Feb 17 19:33:24 2021,10.0.0.6,224.0.0.251,1912
Wed Feb 17 19:33:25 2021,47.254.148.3,10.0.0.14,6300
Wed Feb 17 19:33:25 2021,10.0.0.6,224.0.0.251,4136
Wed Feb 17 19:33:25 2021,10.0.0.6,224.0.0.251,1912
Wed Feb 17 19:33:25 2021,10.0.0.6,224.0.0.251,4136
Wed Feb 17 19:33:25 2021,10.0.0.6,224.0.0.251,1912
Wed Feb 17 19:33:25 2021,10.0.0.6,224.0.0.251,4136
Wed Feb 17 19:33:25 2021,10.0.0.6,224.0.0.251,1912
Wed Feb 17 19:33:25 2021,47.254.148.3,10.0.0.14,6300
Wed Feb 17 19:33:25 2021,10.0.0.14,47.254.148.3,6300
Wed Feb 17 19:33:25 2021,10.0.0.14,47.254.148.3,6300
Wed Feb 17 19:33:26 2021,47.254.148.3,10.0.0.14,6300
Wed Feb 17 19:33:26 2021,10.0.0.6,224.0.0.251,4136
Wed Feb 17 19:33:26 2021,10.0.0.6,224.0.0.251,1912
Wed Feb 17 19:33:26 2021,127.0.0.1,127.0.0.1,7552
Wed Feb 17 19:33:26 2021,127.0.0.1,127.0.0.1,7552
Wed Feb 17 19:33:26 2021,127.0.0.1,127.0.0.1,7552
Wed Feb 17 19:33:26 2021,127.0.0.1,127.0.0.1,7552
Wed Feb 17 19:33:26 2021,127.0.0.1,127.0.0.1,7552
Wed Feb 17 19:33:26 2021,127.0.0.1,127.0.0.1,7552
Wed Feb 17 19:33:26 2021,127.0.0.1,127.0.0.1,7552
Wed Feb 17 19:33:26 2021,127.0.0.1,127.0.0.1,7552
Wed Feb 17 19:33:26 2021,47.254.148.3,10.0.0.14,6300
Wed Feb 17 19:33:26 2021,10.0.0.14,47.254.148.3,6300
Wed Feb 17 19:33:26 2021,10.0.0.14,47.254.148.3,6300
Wed Feb 17 19:33:27 2021,47.254.148.3,10.0.0.14,6300
Wed Feb 17 19:33:27 2021,47.254.148.3,10.0.0.14,6300
Wed Feb 17 19:33:27 2021,10.0.0.14,47.254.148.3,6300
Wed Feb 17 19:33:28 2021,10.0.0.14,47.254.148.3,6300
Wed Feb 17 19:33:28 2021,47.254.148.3,10.0.0.14,6300
Wed Feb 17 19:33:28 2021,10.0.0.6,224.0.0.251,4136
Wed Feb 17 19:33:28 2021,10.0.0.6,224.0.0.251,1912
Wed Feb 17 19:33:28 2021,47.254.148.3,10.0.0.14,6300
Wed Feb 17 19:33:28 2021,10.0.0.14,47.254.148.3,6300
Wed Feb 17 19:33:29 2021,10.0.0.14,47.254.148.3,6300
Wed Feb 17 19:33:29 2021,10.0.0.14,47.254.148.3,6300
Wed Feb 17 19:33:29 2021,47.254.148.3,10.0.0.14,6300
Wed Feb 17 19:33:29 2021,10.0.0.14,47.254.148.3,6300
Wed Feb 17 19:33:29 2021,47.254.148.3,10.0.0.14,6300
Wed Feb 17 19:33:29 2021,10.0.0.14,47.254.148.3,6300
Wed Feb 17 19:33:29 2021,10.0.0.6,224.0.0.251,4136
Wed Feb 17 19:33:29 2021,10.0.0.6,224.0.0.251,1912
Wed Feb 17 19:33:29 2021,47.254.148.3,10.0.0.14,6300
Wed Feb 17 19:33:29 2021,10.0.0.6,224.0.0.251,4136
Wed Feb 17 19:33:29 2021,10.0.0.6,224.0.0.251,1912
Wed Feb 17 19:33:29 2021,47.254.148.3,10.0.0.14,6300
Wed Feb 17 19:33:29 2021,10.0.0.14,47.254.148.3,6300
Wed Feb 17 19:33:29 2021,10.0.0.14,47.254.148.3,6300
Wed Feb 17 19:33:29 2021,10.0.0.6,224.0.0.251,4136
Wed Feb 17 19:33:29 2021,10.0.0.6,224.0.0.251,1912
Wed Feb 17 19:33:30 2021,47.254.148.3,10.0.0.14,6300
Wed Feb 17 19:33:30 2021,10.0.0.14,47.254.148.3,6300
Wed Feb 17 19:33:30 2021,47.254.148.3,10.0.0.14,6300
Wed Feb 17 19:33:30 2021,10.0.0.138,10.0.0.14,4
Wed Feb 17 19:33:30 2021,10.0.0.138,10.0.0.14,4
Wed Feb 17 19:33:30 2021,10.0.0.14,10.0.0.138,4
Wed Feb 17 19:33:30 2021,10.0.0.14,10.0.0.138,4
Wed Feb 17 19:33:30 2021,10.0.0.138,10.0.0.14,4
Wed Feb 17 19:33:30 2021,10.0.0.14,10.0.0.138,4
Wed Feb 17 19:33:30 2021,10.0.0.6,224.0.0.251,4136
Wed Feb 17 19:33:30 2021,10.0.0.6,224.0.0.251,1912
Wed Feb 17 19:33:30 2021,10.0.0.138,10.0.0.14,4
Wed Feb 17 19:33:30 2021,10.0.0.14,10.0.0.138,4
Wed Feb 17 19:33:30 2021,47.254.148.3,10.0.0.14,6300
Wed Feb 17 19:33:30 2021,10.0.0.14,47.254.148.3,6300
Wed Feb 17 19:33:31 2021,10.0.0.14,47.254.148.3,6300
Wed Feb 17 19:33:31 2021,10.0.0.6,224.0.0.251,4136
Wed Feb 17 19:33:31 2021,10.0.0.6,224.0.0.251,1912
Wed Feb 17 19:33:31 2021,47.254.148.3,10.0.0.14,6300
Wed Feb 17 19:33:31 2021,47.254.148.3,10.0.0.14,6300
Wed Feb 17 19:33:31 2021,10.0.0.14,47.254.148.3,6300
Wed Feb 17 19:33:32 2021,10.0.0.14,47.254.148.3,6300
Wed Feb 17 19:33:32 2021,47.254.148.3,10.0.0.14,6300
Wed Feb 17 19:33:32 2021,127.0.0.1,127.0.0.1,11848
Wed Feb 17 19:33:32 2021,127.0.0.1,127.0.0.1,11848
Wed Feb 17 19:33:32 2021,127.0.0.1,127.0.0.1,11848
Wed Feb 17 19:33:32 2021,127.0.0.1,127.0.0.1,11848
Wed Feb 17 19:33:32 2021,127.0.0.1,127.0.0.1,11848
Wed Feb 17 19:33:32 2021,127.0.0.1,127.0.0.1,11848
Wed Feb 17 19:33:32 2021,127.0.0.1,127.0.0.1,11848
Wed Feb 17 19:33:32 2021,127.0.0.1,127.0.0.1,11848
Wed Feb 17 19:33:32 2021,127.0.0.1,127.0.0.1,11848
Wed Feb 17 19:33:32 2021,127.0.0.1,127.0.0.1,11848
Wed Feb 17 19:33:32 2021,127.0.0.1,127.0.0.1,11848
Wed Feb 17 19:33:32 2021,127.0.0.1,127.0.0.1,11848
Wed Feb 17 19:33:32 2021,127.0.0.1,127.0.0.1,11848
Wed Feb 17 19:33:32 2021,127.0.0.1,127.0.0.1,11848
Wed Feb 17 19:33:32 2021,127.0.0.1,127.0.0.1,11848
Wed Feb 17 19:33:32 2021,127.0.0.1,127.0.0.1,11848
Wed Feb 17 19:33:32 2021,127.0.0.1,127.0.0.1,11848
Wed Feb 17 19:33:32 2021,127.0.0.1,127.0.0.1,11848
Wed Feb 17 19:33:32 2021,127.0.0.1,127.0.0.1,11848
Wed Feb 17 19:33:32 2021,127.0.0.1,127.0.0.1,11848
Wed Feb 17 19:33:32 2021,127.0.0.1,127.0.0.1,11848
Wed Feb 17 19:33:32 2021,127.0.0.1,127.0.0.1,11848
Wed Feb 17 19:33:32 2021,127.0.0.1,127.0.0.1,11848
Wed Feb 17 19:33:32 2021,127.0.0.1,127.0.0.1,11848
Wed Feb 17 19:33:32 2021,47.254.148.3,10.0.0.14,6300
Wed Feb 17 19:33:32 2021,10.0.0.14,47.254.148.3,6300
Wed Feb 17 19:33:33 2021,10.0.0.14,47.254.148.3,6300
Wed Feb 17 19:33:33 2021,47.254.148.3,10.0.0.14,6300
Wed Feb 17 19:33:33 2021,10.0.0.6,224.0.0.251,4136
Wed Feb 17 19:33:33 2021,10.0.0.6,224.0.0.251,1912
Wed Feb 17 19:33:33 2021,10.0.0.6,224.0.0.251,4136
Wed Feb 17 19:33:33 2021,10.0.0.6,224.0.0.251,1912
Wed Feb 17 19:33:33 2021,47.254.148.3,10.0.0.14,6300
Wed Feb 17 19:33:33 2021,10.0.0.14,47.254.148.3,6300
Wed Feb 17 19:33:33 2021,47.254.148.3,10.0.0.14,6300
Wed Feb 17 19:33:33 2021,10.0.0.14,47.254.148.3,6300
Wed Feb 17 19:33:33 2021,10.0.0.6,224.0.0.251,4136
Wed Feb 17 19:33:33 2021,10.0.0.6,224.0.0.251,1912
Wed Feb 17 19:33:34 2021,10.0.0.14,47.254.148.3,6300
Wed Feb 17 19:33:34 2021,47.254.148.3,10.0.0.14,6300
Wed Feb 17 19:33:34 2021,47.254.148.3,10.0.0.14,6300
Wed Feb 17 19:33:34 2021,10.0.0.14,47.254.148.3,6300
Wed Feb 17 19:33:34 2021,10.0.0.14,47.254.148.3,6300
Wed Feb 17 19:33:34 2021,10.0.0.6,224.0.0.251,4136
Wed Feb 17 19:33:34 2021,10.0.0.6,224.0.0.251,1912
Wed Feb 17 19:33:34 2021,47.254.148.3,10.0.0.14,6300
Wed Feb 17 19:33:34 2021,10.0.0.6,224.0.0.251,4136
Wed Feb 17 19:33:34 2021,10.0.0.6,224.0.0.251,1912
Wed Feb 17 19:33:34 2021,10.0.0.6,224.0.0.251,4136
Wed Feb 17 19:33:34 2021,10.0.0.6,224.0.0.251,1912
Wed Feb 17 19:33:34 2021,47.254.148.3,10.0.0.14,6300
Wed Feb 17 19:33:34 2021,10.0.0.14,47.254.148.3,6300
Wed Feb 17 19:33:34 2021,10.0.0.6,224.0.0.251,4136
Wed Feb 17 19:33:34 2021,10.0.0.6,224.0.0.251,1912
Wed Feb 17 19:33:35 2021,10.0.0.6,224.0.0.251,4136
Wed Feb 17 19:33:35 2021,10.0.0.6,224.0.0.251,1912
Wed Feb 17 19:33:35 2021,10.0.0.14,47.254.148.3,6300
Wed Feb 17 19:33:35 2021,10.0.0.6,224.0.0.251,4136
Wed Feb 17 19:33:35 2021,10.0.0.6,224.0.0.251,1912
Wed Feb 17 19:33:35 2021,47.254.148.3,10.0.0.14,6300
Wed Feb 17 19:33:35 2021,47.254.148.3,10.0.0.14,6300
Wed Feb 17 19:33:35 2021,10.0.0.14,47.254.148.3,6300
Wed Feb 17 19:33:36 2021,10.0.0.14,47.254.148.3,6300
Wed Feb 17 19:33:36 2021,47.254.148.3,10.0.0.14,6300
Wed Feb 17 19:33:36 2021,47.254.148.3,10.0.0.14,6300
Wed Feb 17 19:33:36 2021,10.0.0.14,47.254.148.3,6300
Wed Feb 17 19:33:37 2021,10.0.0.14,47.254.148.3,6300
Wed Feb 17 19:33:37 2021,10.0.0.6,224.0.0.251,4136
Wed Feb 17 19:33:37 2021,10.0.0.6,224.0.0.251,1912
Wed Feb 17 19:33:37 2021,127.0.0.1,127.0.0.1,11848
Wed Feb 17 19:33:37 2021,127.0.0.1,127.0.0.1,11848
Wed Feb 17 19:33:37 2021,127.0.0.1,127.0.0.1,11848
Wed Feb 17 19:33:37 2021,127.0.0.1,127.0.0.1,11848
Wed Feb 17 19:33:37 2021,127.0.0.1,127.0.0.1,11848
Wed Feb 17 19:33:37 2021,127.0.0.1,127.0.0.1,11848
Wed Feb 17 19:33:37 2021,127.0.0.1,127.0.0.1,11848
Wed Feb 17 19:33:37 2021,127.0.0.1,127.0.0.1,11848
Wed Feb 17 19:33:37 2021,127.0.0.1,127.0.0.1,11848
Wed Feb 17 19:33:37 2021,127.0.0.1,127.0.0.1,11848
Wed Feb 17 19:33:37 2021,127.0.0.1,127.0.0.1,11848
Wed Feb 17 19:33:37 2021,127.0.0.1,127.0.0.1,11848
Wed Feb 17 19:33:37 2021,127.0.0.1,127.0.0.1,11848
Wed Feb 17 19:33:37 2021,127.0.0.1,127.0.0.1,11848
Wed Feb 17 19:33:37 2021,127.0.0.1,127.0.0.1,11848
Wed Feb 17 19:33:37 2021,127.0.0.1,127.0.0.1,11848
Wed Feb 17 19:33:37 2021,127.0.0.1,127.0.0.1,11848
Wed Feb 17 19:33:37 2021,127.0.0.1,127.0.0.1,11848
Wed Feb 17 19:33:37 2021,127.0.0.1,127.0.0.1,11848
Wed Feb 17 19:33:37 2021,127.0.0.1,127.0.0.1,11848
Wed Feb 17 19:33:37 2021,127.0.0.1,127.0.0.1,11848
Wed Feb 17 19:33:37 2021,127.0.0.1,127.0.0.1,11848
Wed Feb 17 19:33:37 2021,127.0.0.1,127.0.0.1,11848
Wed Feb 17 19:33:37 2021,127.0.0.1,127.0.0.1,11848
Wed Feb 17 19:33:37 2021,127.0.0.1,127.0.0.1,11848
Wed Feb 17 19:33:37 2021,127.0.0.1,127.0.0.1,11848
Wed Feb 17 19:33:37 2021,127.0.0.1,127.0.0.1,11848
Wed Feb 17 19:33:37 2021,127.0.0.1,127.0.0.1,11848
Wed Feb 17 19:33:37 2021,10.0.0.14,47.254.148.3,6300
Wed Feb 17 19:33:37 2021,47.254.148.3,10.0.0.14,6300
Wed Feb 17 19:33:37 2021,47.254.148.3,10.0.0.14,6300
Wed Feb 17 19:33:37 2021,47.254.148.3,10.0.0.14,6300
Wed Feb 17 19:33:37 2021,10.0.0.14,47.254.148.3,6300
Wed Feb 17 19:33:37 2021,47.254.148.3,10.0.0.14,6300
Wed Feb 17 19:33:37 2021,10.0.0.14,47.254.148.3,6300
Wed Feb 17 19:33:38 2021,10.0.0.14,47.254.148.3,6300
Wed Feb 17 19:33:38 2021,47.254.148.3,10.0.0.14,6300
Wed Feb 17 19:33:38 2021,47.254.148.3,10.0.0.14,6300
Wed Feb 17 19:33:38 2021,10.0.0.14,47.254.148.3,6300
Wed Feb 17 19:33:39 2021,10.0.0.14,47.254.148.3,6300
Wed Feb 17 19:33:39 2021,47.254.148.3,10.0.0.14,6300
Wed Feb 17 19:33:39 2021,10.0.0.14,47.254.148.3,6300
Wed Feb 17 19:33:39 2021,10.0.0.6,224.0.0.251,4136
Wed Feb 17 19:33:39 2021,10.0.0.6,224.0.0.251,1912
Wed Feb 17 19:33:39 2021,10.0.0.14,47.254.148.3,6300
Wed Feb 17 19:33:39 2021,47.254.148.3,10.0.0.14,6300
Wed Feb 17 19:33:39 2021,10.0.0.6,224.0.0.251,4136
Wed Feb 17 19:33:39 2021,10.0.0.6,224.0.0.251,1912
Wed Feb 17 19:33:39 2021,10.0.0.6,224.0.0.251,4136
Wed Feb 17 19:33:39 2021,10.0.0.6,224.0.0.251,1912
Wed Feb 17 19:33:39 2021,47.254.148.3,10.0.0.14,6300
Wed Feb 17 19:33:39 2021,10.0.0.14,47.254.148.3,6300
Wed Feb 17 19:33:39 2021,10.0.0.6,224.0.0.251,4136
Wed Feb 17 19:33:39 2021,10.0.0.6,224.0.0.251,1912
Wed Feb 17 19:33:40 2021,10.0.0.6,224.0.0.251,4136
Wed Feb 17 19:33:40 2021,10.0.0.6,224.0.0.251,1912
Wed Feb 17 19:33:40 2021,10.0.0.14,47.254.148.3,6300
Wed Feb 17 19:33:40 2021,47.254.148.3,10.0.0.14,6300
Wed Feb 17 19:33:40 2021,10.0.0.6,224.0.0.251,4136
Wed Feb 17 19:33:40 2021,10.0.0.6,224.0.0.251,1912
Wed Feb 17 19:33:40 2021,10.0.0.6,224.0.0.251,4136
Wed Feb 17 19:33:40 2021,10.0.0.6,224.0.0.251,1912
Wed Feb 17 19:33:40 2021,47.254.148.3,10.0.0.14,6300
Wed Feb 17 19:33:40 2021,10.0.0.14,47.254.148.3,6300
Wed Feb 17 19:33:41 2021,10.0.0.6,224.0.0.251,4136
Wed Feb 17 19:33:41 2021,10.0.0.6,224.0.0.251,1912
Wed Feb 17 19:33:41 2021,10.0.0.6,224.0.0.251,4136
Wed Feb 17 19:33:41 2021,10.0.0.6,224.0.0.251,1912
Wed Feb 17 19:33:41 2021,127.0.0.1,127.0.0.1,11848
Wed Feb 17 19:33:41 2021,127.0.0.1,127.0.0.1,11848
Wed Feb 17 19:33:41 2021,127.0.0.1,127.0.0.1,11848
Wed Feb 17 19:33:41 2021,127.0.0.1,127.0.0.1,11848
Wed Feb 17 19:33:41 2021,127.0.0.1,127.0.0.1,11848
Wed Feb 17 19:33:41 2021,127.0.0.1,127.0.0.1,11848
Wed Feb 17 19:33:41 2021,127.0.0.1,127.0.0.1,11848
Wed Feb 17 19:33:41 2021,127.0.0.1,127.0.0.1,11848
Wed Feb 17 19:33:41 2021,127.0.0.1,127.0.0.1,11848
Wed Feb 17 19:33:41 2021,127.0.0.1,127.0.0.1,11848
Wed Feb 17 19:33:41 2021,127.0.0.1,127.0.0.1,11848
Wed Feb 17 19:33:41 2021,127.0.0.1,127.0.0.1,11848
Wed Feb 17 19:33:41 2021,127.0.0.1,127.0.0.1,11848
Wed Feb 17 19:33:41 2021,127.0.0.1,127.0.0.1,11848
Wed Feb 17 19:33:41 2021,127.0.0.1,127.0.0.1,11848
Wed Feb 17 19:33:41 2021,127.0.0.1,127.0.0.1,11848
Wed Feb 17 19:33:41 2021,127.0.0.1,127.0.0.1,11848
Wed Feb 17 19:33:41 2021,127.0.0.1,127.0.0.1,11848
Wed Feb 17 19:33:41 2021,127.0.0.1,127.0.0.1,11848
Wed Feb 17 19:33:41 2021,127.0.0.1,127.0.0.1,11848
Wed Feb 17 19:33:41 2021,127.0.0.1,127.0.0.1,11848
Wed Feb 17 19:33:41 2021,127.0.0.1,127.0.0.1,11848
Wed Feb 17 19:33:41 2021,127.0.0.1,127.0.0.1,11848
Wed Feb 17 19:33:41 2021,127.0.0.1,127.0.0.1,11848
Wed Feb 17 19:33:41 2021,127.0.0.1,127.0.0.1,11848
Wed Feb 17 19:33:41 2021,127.0.0.1,127.0.0.1,11848
Wed Feb 17 19:33:41 2021,10.0.0.14,47.254.148.3,6300
Wed Feb 17 19:33:41 2021,47.254.148.3,10.0.0.14,6300
Wed Feb 17 19:33:41 2021,47.254.148.3,10.0.0.14,6300
Wed Feb 17 19:33:41 2021,10.0.0.14,47.254.148.3,6300
Wed Feb 17 19:33:42 2021,10.0.0.6,224.0.0.251,4136
Wed Feb 17 19:33:42 2021,10.0.0.6,224.0.0.251,1912
Wed Feb 17 19:33:42 2021,10.0.0.14,47.254.148.3,6300
Wed Feb 17 19:33:42 2021,10.0.0.14,47.254.148.3,6300
Wed Feb 17 19:33:42 2021,47.254.148.3,10.0.0.14,6300
Wed Feb 17 19:33:42 2021,10.0.0.14,161.156.67.100,4136
Wed Feb 17 19:33:42 2021,47.254.148.3,10.0.0.14,6300
Wed Feb 17 19:33:42 2021,10.0.0.14,161.156.67.100,4136
Wed Feb 17 19:33:42 2021,10.0.0.14,161.156.67.100,4136
Wed Feb 17 19:33:42 2021,10.0.0.14,161.156.67.100,4136
Wed Feb 17 19:33:42 2021,47.254.148.3,10.0.0.14,6300
Wed Feb 17 19:33:42 2021,10.0.0.14,47.254.148.3,6300
Wed Feb 17 19:33:42 2021,10.0.0.6,224.0.0.251,4136
Wed Feb 17 19:33:42 2021,10.0.0.6,224.0.0.251,1912
Wed Feb 17 19:33:42 2021,254.128.0.0,255.2.0.0,1912
Wed Feb 17 19:33:43 2021,10.0.0.14,47.254.148.3,6300
Wed Feb 17 19:33:43 2021,47.254.148.3,10.0.0.14,6300
Wed Feb 17 19:33:43 2021,47.254.148.3,10.0.0.14,6300
Wed Feb 17 19:33:43 2021,10.0.0.14,47.254.148.3,6300
Wed Feb 17 19:33:43 2021,47.254.148.3,10.0.0.14,6300
Wed Feb 17 19:33:43 2021,10.0.0.14,47.254.148.3,6300
Wed Feb 17 19:33:43 2021,10.0.0.6,224.0.0.251,4136
Wed Feb 17 19:33:43 2021,10.0.0.6,224.0.0.251,1912
Wed Feb 17 19:33:44 2021,10.0.0.14,47.254.148.3,6300
Wed Feb 17 19:33:44 2021,47.254.148.3,10.0.0.14,6300
Wed Feb 17 19:33:44 2021,47.254.148.3,10.0.0.14,6300
Wed Feb 17 19:33:44 2021,10.0.0.14,47.254.148.3,6300
Wed Feb 17 19:33:44 2021,10.0.0.14,47.254.148.3,6300
Wed Feb 17 19:33:44 2021,47.254.148.3,10.0.0.14,6300
Wed Feb 17 19:33:44 2021,47.254.148.3,10.0.0.14,6300
Wed Feb 17 19:33:44 2021,10.0.0.14,47.254.148.3,6300
Wed Feb 17 19:33:45 2021,10.0.0.6,224.0.0.251,4136
Wed Feb 17 19:33:45 2021,10.0.0.6,224.0.0.251,1912
Wed Feb 17 19:33:45 2021,10.0.0.138,10.0.0.14,4
Wed Feb 17 19:33:45 2021,10.0.0.138,10.0.0.14,4
Wed Feb 17 19:33:45 2021,10.0.0.14,10.0.0.138,4
Wed Feb 17 19:33:45 2021,10.0.0.14,10.0.0.138,4
Wed Feb 17 19:33:45 2021,10.0.0.138,10.0.0.14,4
Wed Feb 17 19:33:45 2021,10.0.0.14,10.0.0.138,4
Wed Feb 17 19:33:45 2021,10.0.0.6,224.0.0.251,4136
Wed Feb 17 19:33:45 2021,10.0.0.6,224.0.0.251,1912
Wed Feb 17 19:33:45 2021,10.0.0.138,10.0.0.14,4
Wed Feb 17 19:33:45 2021,10.0.0.14,10.0.0.138,4
Wed Feb 17 19:33:45 2021,10.0.0.5,224.0.0.251,4136
Wed Feb 17 19:33:45 2021,10.0.0.5,224.0.0.251,1912
Wed Feb 17 19:33:45 2021,254.128.0.0,255.2.0.0,1912
Wed Feb 17 19:33:45 2021,10.0.0.14,47.254.148.3,6300
Wed Feb 17 19:33:45 2021,10.0.0.6,224.0.0.251,4136
Wed Feb 17 19:33:45 2021,10.0.0.6,224.0.0.251,1912
Wed Feb 17 19:33:45 2021,47.254.148.3,10.0.0.14,6300
Wed Feb 17 19:33:45 2021,10.0.0.9,224.0.0.251,4136
Wed Feb 17 19:33:45 2021,10.0.0.9,224.0.0.251,1912
Wed Feb 17 19:33:45 2021,254.128.0.0,255.2.0.0,1912
Wed Feb 17 19:33:45 2021,10.0.0.6,224.0.0.251,4136
Wed Feb 17 19:33:45 2021,10.0.0.6,224.0.0.251,1912
Wed Feb 17 19:33:45 2021,47.254.148.3,10.0.0.14,6300
Wed Feb 17 19:33:45 2021,10.0.0.14,47.254.148.3,6300
Wed Feb 17 19:33:46 2021,10.0.0.2,224.0.0.251,4136
Wed Feb 17 19:33:46 2021,10.0.0.2,224.0.0.251,1912
Wed Feb 17 19:33:46 2021,10.0.0.5,224.0.0.251,4136
Wed Feb 17 19:33:46 2021,10.0.0.5,224.0.0.251,1912
Wed Feb 17 19:33:46 2021,254.128.0.0,255.2.0.0,1912
Wed Feb 17 19:33:46 2021,10.0.0.14,47.254.148.3,6300
Wed Feb 17 19:33:46 2021,47.254.148.3,10.0.0.14,6300
Wed Feb 17 19:33:46 2021,10.0.0.6,224.0.0.251,4136
Wed Feb 17 19:33:46 2021,10.0.0.6,224.0.0.251,1912
Wed Feb 17 19:33:46 2021,10.0.0.14,51.103.5.186,3608
Wed Feb 17 19:33:46 2021,10.0.0.14,51.103.5.186,3608
Wed Feb 17 19:33:46 2021,47.254.148.3,10.0.0.14,6300
Wed Feb 17 19:33:46 2021,10.0.0.14,47.254.148.3,6300
Wed Feb 17 19:33:47 2021,127.0.0.1,127.0.0.1,4136
Wed Feb 17 19:33:47 2021,127.0.0.1,127.0.0.1,2756
Wed Feb 17 19:33:47 2021,10.0.0.14,47.254.148.3,6300
Wed Feb 17 19:33:47 2021,47.254.148.3,10.0.0.14,6300
Wed Feb 17 19:33:47 2021,10.0.0.14,161.156.67.100,4136
Wed Feb 17 19:33:47 2021,10.0.0.14,161.156.67.100,4136
Wed Feb 17 19:33:47 2021,47.254.148.3,10.0.0.14,6300
Wed Feb 17 19:33:47 2021,10.0.0.14,47.254.148.3,6300
Wed Feb 17 19:33:48 2021,10.0.0.14,47.254.148.3,6300
Wed Feb 17 19:33:48 2021,47.254.148.3,10.0.0.14,6300
Wed Feb 17 19:33:48 2021,47.254.148.3,10.0.0.14,6300
Wed Feb 17 19:33:48 2021,10.0.0.14,47.254.148.3,6300
Wed Feb 17 19:33:48 2021,10.0.0.6,224.0.0.251,4136
Wed Feb 17 19:33:48 2021,10.0.0.6,224.0.0.251,1912
Wed Feb 17 19:33:49 2021,10.0.0.14,47.254.148.3,6300
Wed Feb 17 19:33:49 2021,47.254.148.3,10.0.0.14,6300
Wed Feb 17 19:33:49 2021,47.254.148.3,10.0.0.14,6300
Wed Feb 17 19:33:49 2021,10.0.0.14,47.254.148.3,6300
Wed Feb 17 19:33:49 2021,10.0.0.6,224.0.0.251,4136
Wed Feb 17 19:33:49 2021,10.0.0.6,224.0.0.251,1912
Wed Feb 17 19:33:49 2021,10.0.0.5,224.0.0.251,4136
Wed Feb 17 19:33:49 2021,10.0.0.5,224.0.0.251,1912
Wed Feb 17 19:33:49 2021,254.128.0.0,255.2.0.0,1912
Wed Feb 17 19:33:49 2021,10.0.0.6,224.0.0.251,4136
Wed Feb 17 19:33:49 2021,10.0.0.6,224.0.0.251,1912
Wed Feb 17 19:33:49 2021,10.0.0.14,47.254.148.3,6300
Wed Feb 17 19:33:49 2021,10.0.0.6,224.0.0.251,4136
Wed Feb 17 19:33:49 2021,10.0.0.6,224.0.0.251,1912
Wed Feb 17 19:33:49 2021,47.254.148.3,10.0.0.14,6300
Wed Feb 17 19:33:49 2021,47.254.148.3,10.0.0.14,6300
Wed Feb 17 19:33:49 2021,10.0.0.14,47.254.148.3,6300
Wed Feb 17 19:33:49 2021,10.0.0.6,224.0.0.251,4136
Wed Feb 17 19:33:49 2021,10.0.0.6,224.0.0.251,1912
Wed Feb 17 19:33:50 2021,10.0.0.6,224.0.0.251,4136
Wed Feb 17 19:33:50 2021,10.0.0.6,224.0.0.251,1912
Wed Feb 17 19:33:50 2021,10.0.0.6,224.0.0.251,4136
Wed Feb 17 19:33:50 2021,10.0.0.6,224.0.0.251,1912
Wed Feb 17 19:33:50 2021,10.0.0.14,47.254.148.3,6300
Wed Feb 17 19:33:50 2021,10.0.0.6,224.0.0.251,4136
Wed Feb 17 19:33:50 2021,10.0.0.6,224.0.0.251,1912
Wed Feb 17 19:33:50 2021,47.254.148.3,10.0.0.14,6300
Wed Feb 17 19:33:50 2021,10.0.0.6,224.0.0.251,4136
Wed Feb 17 19:33:50 2021,10.0.0.6,224.0.0.251,1912
Wed Feb 17 19:33:50 2021,47.254.148.3,10.0.0.14,6300
Wed Feb 17 19:33:50 2021,10.0.0.14,47.254.148.3,6300
Wed Feb 17 19:33:51 2021,10.0.0.14,47.254.148.3,6300
Wed Feb 17 19:33:51 2021,47.254.148.3,10.0.0.14,6300
Wed Feb 17 19:33:51 2021,47.254.148.3,10.0.0.14,6300
Wed Feb 17 19:33:51 2021,10.0.0.14,47.254.148.3,6300
Wed Feb 17 19:33:52 2021,10.0.0.14,47.254.148.3,6300
Wed Feb 17 19:33:52 2021,10.0.0.6,224.0.0.251,4136
Wed Feb 17 19:33:52 2021,10.0.0.6,224.0.0.251,1912
Wed Feb 17 19:33:52 2021,47.254.148.3,10.0.0.14,6300
Wed Feb 17 19:33:52 2021,47.254.148.3,10.0.0.14,6300
Wed Feb 17 19:33:52 2021,10.0.0.14,47.254.148.3,6300
Wed Feb 17 19:33:53 2021,10.0.0.14,47.254.148.3,6300
Wed Feb 17 19:33:53 2021,47.254.148.3,10.0.0.14,6300
Wed Feb 17 19:33:53 2021,47.254.148.3,10.0.0.14,6300
Wed Feb 17 19:33:53 2021,10.0.0.14,47.254.148.3,6300
Wed Feb 17 19:33:53 2021,47.254.148.3,10.0.0.14,6300
Wed Feb 17 19:33:53 2021,10.0.0.14,47.254.148.3,6300
Wed Feb 17 19:33:54 2021,10.0.0.14,47.254.148.3,6300
Wed Feb 17 19:33:54 2021,47.254.148.3,10.0.0.14,6300
Wed Feb 17 19:33:54 2021,10.0.0.14,47.254.148.3,6300
Wed Feb 17 19:33:54 2021,10.0.0.6,224.0.0.251,4136
Wed Feb 17 19:33:54 2021,10.0.0.6,224.0.0.251,1912
Wed Feb 17 19:33:54 2021,10.0.0.14,47.254.148.3,6300
Wed Feb 17 19:33:54 2021,47.254.148.3,10.0.0.14,6300
Wed Feb 17 19:33:54 2021,10.0.0.14,47.254.148.3,6300
Wed Feb 17 19:33:54 2021,47.254.148.3,10.0.0.14,6300
Wed Feb 17 19:33:54 2021,10.0.0.6,224.0.0.251,4136
Wed Feb 17 19:33:54 2021,10.0.0.6,224.0.0.251,1912
Wed Feb 17 19:33:55 2021,10.0.0.6,224.0.0.251,4136
Wed Feb 17 19:33:55 2021,10.0.0.6,224.0.0.251,1912
Wed Feb 17 19:33:55 2021,10.0.0.6,224.0.0.251,4136
Wed Feb 17 19:33:55 2021,10.0.0.6,224.0.0.251,1912
Wed Feb 17 19:33:55 2021,10.0.0.6,224.0.0.251,4136
Wed Feb 17 19:33:55 2021,10.0.0.6,224.0.0.251,1912
Wed Feb 17 19:33:55 2021,10.0.0.14,47.254.148.3,6300
Wed Feb 17 19:33:55 2021,47.254.148.3,10.0.0.14,6300
Wed Feb 17 19:33:55 2021,10.0.0.14,47.254.148.3,6300
Wed Feb 17 19:33:55 2021,47.254.148.3,10.0.0.14,6300
Wed Feb 17 19:33:56 2021,10.0.0.6,224.0.0.251,4136
Wed Feb 17 19:33:56 2021,10.0.0.6,224.0.0.251,1912
Wed Feb 17 19:33:56 2021,10.0.0.6,224.0.0.251,4136
Wed Feb 17 19:33:56 2021,10.0.0.6,224.0.0.251,1912
Wed Feb 17 19:33:56 2021,10.0.0.6,224.0.0.251,4136
Wed Feb 17 19:33:56 2021,10.0.0.6,224.0.0.251,1912
Wed Feb 17 19:33:56 2021,10.0.0.6,224.0.0.251,4136
Wed Feb 17 19:33:56 2021,10.0.0.6,224.0.0.251,1912
Wed Feb 17 19:33:56 2021,47.254.148.3,10.0.0.14,6300
Wed Feb 17 19:33:56 2021,10.0.0.14,47.254.148.3,6300
Wed Feb 17 19:33:56 2021,47.254.148.3,10.0.0.14,6300
Wed Feb 17 19:33:57 2021,10.0.0.6,224.0.0.251,4136
Wed Feb 17 19:33:57 2021,10.0.0.6,224.0.0.251,1912
Wed Feb 17 19:33:57 2021,47.254.148.3,10.0.0.14,6300
Wed Feb 17 19:33:57 2021,10.0.0.14,47.254.148.3,6300
Wed Feb 17 19:33:57 2021,10.0.0.14,47.254.148.3,6300
Wed Feb 17 19:33:57 2021,47.254.148.3,10.0.0.14,6300
Wed Feb 17 19:33:58 2021,10.0.0.5,224.0.0.251,4136
Wed Feb 17 19:33:58 2021,10.0.0.5,224.0.0.251,1912
Wed Feb 17 19:33:58 2021,254.128.0.0,255.2.0.0,1912
Wed Feb 17 19:33:58 2021,127.0.0.1,127.0.0.1,7552
Wed Feb 17 19:33:58 2021,127.0.0.1,127.0.0.1,7552
Wed Feb 17 19:33:58 2021,127.0.0.1,127.0.0.1,7552
Wed Feb 17 19:33:58 2021,127.0.0.1,127.0.0.1,7552
Wed Feb 17 19:33:58 2021,10.0.0.14,216.58.212.118,7552
Wed Feb 17 19:33:58 2021,10.0.0.14,216.58.212.118,7552
Wed Feb 17 19:33:58 2021,47.254.148.3,10.0.0.14,6300
Wed Feb 17 19:33:58 2021,10.0.0.14,47.254.148.3,6300
Wed Feb 17 19:33:58 2021,10.0.0.14,47.254.148.3,6300
Wed Feb 17 19:33:59 2021,47.254.148.3,10.0.0.14,6300
Wed Feb 17 19:33:59 2021,10.0.0.14,47.254.148.3,6300
Wed Feb 17 19:33:59 2021,47.254.148.3,10.0.0.14,6300
Wed Feb 17 19:33:59 2021,47.254.148.3,10.0.0.14,6300
Wed Feb 17 19:33:59 2021,10.0.0.14,47.254.148.3,6300
Wed Feb 17 19:33:59 2021,10.0.0.6,224.0.0.251,4136
Wed Feb 17 19:33:59 2021,10.0.0.6,224.0.0.251,1912
Wed Feb 17 19:33:59 2021,127.0.0.1,127.0.0.1,7552
Wed Feb 17 19:33:59 2021,127.0.0.1,127.0.0.1,7552
Wed Feb 17 19:33:59 2021,127.0.0.1,127.0.0.1,7552
Wed Feb 17 19:33:59 2021,127.0.0.1,127.0.0.1,7552
Wed Feb 17 19:33:59 2021,47.254.148.3,10.0.0.14,6300
Wed Feb 17 19:33:59 2021,10.0.0.14,47.254.148.3,6300
Wed Feb 17 19:33:59 2021,10.0.0.14,47.254.148.3,6300
Wed Feb 17 19:34:00 2021,47.254.148.3,10.0.0.14,6300
Wed Feb 17 19:34:00 2021,10.0.0.138,10.0.0.14,4
Wed Feb 17 19:34:00 2021,10.0.0.14,10.0.0.138,4
Wed Feb 17 19:34:00 2021,10.0.0.138,10.0.0.14,4
Wed Feb 17 19:34:00 2021,10.0.0.14,10.0.0.138,4
Wed Feb 17 19:34:00 2021,10.0.0.138,10.0.0.14,4
Wed Feb 17 19:34:00 2021,10.0.0.14,10.0.0.138,4
Wed Feb 17 19:34:00 2021,10.0.0.138,10.0.0.14,4
Wed Feb 17 19:34:00 2021,10.0.0.14,10.0.0.138,4
Wed Feb 17 19:34:00 2021,127.0.0.1,127.0.0.1,11848
Wed Feb 17 19:34:00 2021,127.0.0.1,127.0.0.1,11848
Wed Feb 17 19:34:00 2021,127.0.0.1,127.0.0.1,11848
Wed Feb 17 19:34:00 2021,127.0.0.1,127.0.0.1,11848
Wed Feb 17 19:34:00 2021,127.0.0.1,127.0.0.1,11848
Wed Feb 17 19:34:00 2021,127.0.0.1,127.0.0.1,11848
Wed Feb 17 19:34:00 2021,127.0.0.1,127.0.0.1,11848
Wed Feb 17 19:34:00 2021,127.0.0.1,127.0.0.1,11848
Wed Feb 17 19:34:00 2021,127.0.0.1,127.0.0.1,11848
Wed Feb 17 19:34:00 2021,127.0.0.1,127.0.0.1,11848
Wed Feb 17 19:34:00 2021,127.0.0.1,127.0.0.1,11848
Wed Feb 17 19:34:00 2021,127.0.0.1,127.0.0.1,11848
Wed Feb 17 19:34:00 2021,127.0.0.1,127.0.0.1,11848
Wed Feb 17 19:34:00 2021,127.0.0.1,127.0.0.1,11848
Wed Feb 17 19:34:00 2021,127.0.0.1,127.0.0.1,11848
Wed Feb 17 19:34:00 2021,127.0.0.1,127.0.0.1,11848
Wed Feb 17 19:34:00 2021,127.0.0.1,127.0.0.1,11848
Wed Feb 17 19:34:00 2021,127.0.0.1,127.0.0.1,11848
Wed Feb 17 19:34:00 2021,127.0.0.1,127.0.0.1,11848
Wed Feb 17 19:34:00 2021,127.0.0.1,127.0.0.1,11848
Wed Feb 17 19:34:00 2021,127.0.0.1,127.0.0.1,11848
Wed Feb 17 19:34:00 2021,127.0.0.1,127.0.0.1,11848
Wed Feb 17 19:34:00 2021,127.0.0.1,127.0.0.1,11848
Wed Feb 17 19:34:00 2021,127.0.0.1,127.0.0.1,11848
Wed Feb 17 19:34:00 2021,10.0.0.6,224.0.0.251,4136
Wed Feb 17 19:34:00 2021,10.0.0.6,224.0.0.251,1912
Wed Feb 17 19:34:00 2021,10.0.0.6,224.0.0.251,4136
Wed Feb 17 19:34:00 2021,10.0.0.6,224.0.0.251,1912
Wed Feb 17 19:34:00 2021,47.254.148.3,10.0.0.14,6300
Wed Feb 17 19:34:00 2021,10.0.0.14,47.254.148.3,6300
Wed Feb 17 19:34:00 2021,10.0.0.14,47.254.148.3,6300
Wed Feb 17 19:34:00 2021,10.0.0.6,224.0.0.251,4136
Wed Feb 17 19:34:00 2021,10.0.0.6,224.0.0.251,1912
Wed Feb 17 19:34:01 2021,47.254.148.3,10.0.0.14,6300
Wed Feb 17 19:34:01 2021,127.0.0.1,127.0.0.1,11848
Wed Feb 17 19:34:01 2021,127.0.0.1,127.0.0.1,11848
Wed Feb 17 19:34:01 2021,127.0.0.1,127.0.0.1,11848
Wed Feb 17 19:34:01 2021,127.0.0.1,127.0.0.1,11848
Wed Feb 17 19:34:01 2021,127.0.0.1,127.0.0.1,7552
Wed Feb 17 19:34:01 2021,127.0.0.1,127.0.0.1,7552
Wed Feb 17 19:34:01 2021,127.0.0.1,127.0.0.1,7552
Wed Feb 17 19:34:01 2021,127.0.0.1,127.0.0.1,7552
Wed Feb 17 19:34:01 2021,127.0.0.1,127.0.0.1,7552
Wed Feb 17 19:34:01 2021,127.0.0.1,127.0.0.1,7552
Wed Feb 17 19:34:01 2021,127.0.0.1,127.0.0.1,7552
Wed Feb 17 19:34:01 2021,127.0.0.1,127.0.0.1,7552
Wed Feb 17 19:34:01 2021,127.0.0.1,127.0.0.1,7552
Wed Feb 17 19:34:01 2021,127.0.0.1,127.0.0.1,7552
Wed Feb 17 19:34:01 2021,127.0.0.1,127.0.0.1,7552
Wed Feb 17 19:34:01 2021,127.0.0.1,127.0.0.1,7552
Wed Feb 17 19:34:01 2021,127.0.0.1,127.0.0.1,7552
Wed Feb 17 19:34:01 2021,127.0.0.1,127.0.0.1,7552
Wed Feb 17 19:34:01 2021,127.0.0.1,127.0.0.1,7552
Wed Feb 17 19:34:01 2021,127.0.0.1,127.0.0.1,7552
Wed Feb 17 19:34:01 2021,127.0.0.1,127.0.0.1,7552
Wed Feb 17 19:34:01 2021,127.0.0.1,127.0.0.1,7552
Wed Feb 17 19:34:01 2021,127.0.0.1,127.0.0.1,7552
Wed Feb 17 19:34:01 2021,127.0.0.1,127.0.0.1,7552
Wed Feb 17 19:34:01 2021,10.0.0.14,192.114.46.177,7552
Wed Feb 17 19:34:01 2021,127.0.0.1,127.0.0.1,7552
Wed Feb 17 19:34:01 2021,127.0.0.1,127.0.0.1,7552
Wed Feb 17 19:34:01 2021,127.0.0.1,127.0.0.1,7552
Wed Feb 17 19:34:01 2021,127.0.0.1,127.0.0.1,7552
Wed Feb 17 19:34:01 2021,127.0.0.1,127.0.0.1,11848
Wed Feb 17 19:34:01 2021,127.0.0.1,127.0.0.1,11848
Wed Feb 17 19:34:01 2021,127.0.0.1,127.0.0.1,11848
Wed Feb 17 19:34:01 2021,127.0.0.1,127.0.0.1,11848
Wed Feb 17 19:34:01 2021,10.0.0.14,192.114.46.177,7552
Wed Feb 17 19:34:01 2021,10.0.0.14,192.114.46.177,7552
Wed Feb 17 19:34:01 2021,10.0.0.14,192.114.46.177,7552
Wed Feb 17 19:34:01 2021,10.0.0.14,192.114.46.177,7552
Wed Feb 17 19:34:01 2021,127.0.0.1,127.0.0.1,7552
Wed Feb 17 19:34:01 2021,127.0.0.1,127.0.0.1,7552
Wed Feb 17 19:34:01 2021,127.0.0.1,127.0.0.1,7552
Wed Feb 17 19:34:01 2021,127.0.0.1,127.0.0.1,7552
Wed Feb 17 19:34:01 2021,127.0.0.1,127.0.0.1,11848
Wed Feb 17 19:34:01 2021,127.0.0.1,127.0.0.1,11848
Wed Feb 17 19:34:01 2021,127.0.0.1,127.0.0.1,11848
Wed Feb 17 19:34:01 2021,127.0.0.1,127.0.0.1,11848
Wed Feb 17 19:34:01 2021,127.0.0.1,127.0.0.1,11848
Wed Feb 17 19:34:01 2021,127.0.0.1,127.0.0.1,11848
Wed Feb 17 19:34:01 2021,127.0.0.1,127.0.0.1,11848
Wed Feb 17 19:34:01 2021,127.0.0.1,127.0.0.1,11848
Wed Feb 17 19:34:01 2021,10.0.0.14,192.114.46.177,7552
Wed Feb 17 19:34:01 2021,10.0.0.14,192.114.46.177,7552
Wed Feb 17 19:34:01 2021,10.0.0.14,192.114.46.177,7552
Wed Feb 17 19:34:01 2021,10.0.0.14,192.114.46.177,7552
Wed Feb 17 19:34:01 2021,10.0.0.14,192.114.46.177,7552
Wed Feb 17 19:34:01 2021,10.0.0.14,192.114.46.177,7552
Wed Feb 17 19:34:01 2021,10.0.0.14,192.114.46.177,7552
Wed Feb 17 19:34:01 2021,10.0.0.14,192.114.46.177,7552
Wed Feb 17 19:34:01 2021,10.0.0.14,192.114.46.177,7552
Wed Feb 17 19:34:01 2021,10.0.0.14,192.114.46.177,7552
Wed Feb 17 19:34:01 2021,10.0.0.14,192.114.46.177,7552
Wed Feb 17 19:34:01 2021,10.0.0.14,192.114.46.177,7552
Wed Feb 17 19:34:01 2021,10.0.0.14,192.114.46.177,7552
Wed Feb 17 19:34:01 2021,10.0.0.14,192.114.46.177,7552
Wed Feb 17 19:34:01 2021,10.0.0.14,192.114.46.177,7552
Wed Feb 17 19:34:01 2021,10.0.0.14,192.114.46.177,7552
Wed Feb 17 19:34:01 2021,127.0.0.1,127.0.0.1,11848
Wed Feb 17 19:34:01 2021,127.0.0.1,127.0.0.1,11848
Wed Feb 17 19:34:01 2021,127.0.0.1,127.0.0.1,11848
Wed Feb 17 19:34:01 2021,127.0.0.1,127.0.0.1,11848
Wed Feb 17 19:34:01 2021,127.0.0.1,127.0.0.1,11848
Wed Feb 17 19:34:01 2021,127.0.0.1,127.0.0.1,11848
Wed Feb 17 19:34:01 2021,127.0.0.1,127.0.0.1,11848
Wed Feb 17 19:34:01 2021,127.0.0.1,127.0.0.1,11848
Wed Feb 17 19:34:01 2021,10.0.0.14,192.114.46.177,7552
Wed Feb 17 19:34:01 2021,10.0.0.14,192.114.46.177,7552
Wed Feb 17 19:34:01 2021,10.0.0.14,192.114.46.177,7552
Wed Feb 17 19:34:01 2021,10.0.0.14,192.114.46.177,7552
Wed Feb 17 19:34:01 2021,10.0.0.14,192.114.46.177,7552
Wed Feb 17 19:34:01 2021,10.0.0.14,192.114.46.177,7552
Wed Feb 17 19:34:01 2021,10.0.0.14,192.114.46.177,7552
Wed Feb 17 19:34:01 2021,10.0.0.14,192.114.46.177,7552
Wed Feb 17 19:34:01 2021,10.0.0.14,192.114.46.177,7552
Wed Feb 17 19:34:01 2021,10.0.0.14,192.114.46.177,7552
Wed Feb 17 19:34:01 2021,10.0.0.14,192.114.46.177,7552
Wed Feb 17 19:34:01 2021,10.0.0.14,192.114.46.177,7552
Wed Feb 17 19:34:01 2021,10.0.0.14,192.114.46.177,7552
Wed Feb 17 19:34:01 2021,10.0.0.14,192.114.46.177,7552
Wed Feb 17 19:34:01 2021,10.0.0.14,192.114.46.177,7552
Wed Feb 17 19:34:01 2021,10.0.0.14,192.114.46.177,7552
Wed Feb 17 19:34:01 2021,10.0.0.14,192.114.46.177,7552
Wed Feb 17 19:34:01 2021,10.0.0.14,192.114.46.177,7552
Wed Feb 17 19:34:01 2021,127.0.0.1,127.0.0.1,11848
Wed Feb 17 19:34:01 2021,127.0.0.1,127.0.0.1,11848
Wed Feb 17 19:34:01 2021,127.0.0.1,127.0.0.1,11848
Wed Feb 17 19:34:01 2021,127.0.0.1,127.0.0.1,11848
Wed Feb 17 19:34:01 2021,10.0.0.14,192.114.46.177,7552
Wed Feb 17 19:34:01 2021,10.0.0.14,192.114.46.177,7552
Wed Feb 17 19:34:01 2021,10.0.0.14,192.114.46.177,7552
Wed Feb 17 19:34:01 2021,10.0.0.14,192.114.46.177,7552
Wed Feb 17 19:34:01 2021,127.0.0.1,127.0.0.1,11848
Wed Feb 17 19:34:01 2021,127.0.0.1,127.0.0.1,11848
Wed Feb 17 19:34:01 2021,127.0.0.1,127.0.0.1,11848
Wed Feb 17 19:34:01 2021,127.0.0.1,127.0.0.1,11848
Wed Feb 17 19:34:01 2021,10.0.0.14,192.114.46.177,7552
Wed Feb 17 19:34:01 2021,10.0.0.14,192.114.46.177,7552
Wed Feb 17 19:34:01 2021,10.0.0.14,192.114.46.177,7552
Wed Feb 17 19:34:01 2021,10.0.0.14,192.114.46.177,7552
Wed Feb 17 19:34:01 2021,10.0.0.14,192.114.46.177,7552
Wed Feb 17 19:34:01 2021,10.0.0.14,192.114.46.177,7552
Wed Feb 17 19:34:01 2021,10.0.0.14,192.114.46.177,7552
Wed Feb 17 19:34:01 2021,10.0.0.14,192.114.46.177,7552
Wed Feb 17 19:34:01 2021,10.0.0.14,192.114.46.177,7552
Wed Feb 17 19:34:01 2021,10.0.0.14,192.114.46.177,7552
Wed Feb 17 19:34:01 2021,10.0.0.14,192.114.46.177,7552
Wed Feb 17 19:34:01 2021,127.0.0.1,127.0.0.1,11848
Wed Feb 17 19:34:01 2021,127.0.0.1,127.0.0.1,11848
Wed Feb 17 19:34:01 2021,127.0.0.1,127.0.0.1,11848
Wed Feb 17 19:34:01 2021,127.0.0.1,127.0.0.1,11848
Wed Feb 17 19:34:01 2021,10.0.0.14,192.114.46.177,7552
Wed Feb 17 19:34:01 2021,10.0.0.14,192.114.46.177,7552
Wed Feb 17 19:34:01 2021,10.0.0.14,192.114.46.177,7552
Wed Feb 17 19:34:01 2021,10.0.0.14,192.114.46.177,7552
Wed Feb 17 19:34:01 2021,10.0.0.14,192.114.46.177,7552
Wed Feb 17 19:34:01 2021,10.0.0.14,192.114.46.177,7552
Wed Feb 17 19:34:01 2021,10.0.0.14,192.114.46.177,7552
Wed Feb 17 19:34:01 2021,10.0.0.14,192.114.46.177,7552
Wed Feb 17 19:34:01 2021,10.0.0.14,192.114.46.177,7552
Wed Feb 17 19:34:01 2021,10.0.0.14,192.114.46.177,7552
Wed Feb 17 19:34:01 2021,10.0.0.14,192.114.46.177,7552
Wed Feb 17 19:34:01 2021,127.0.0.1,127.0.0.1,11848
Wed Feb 17 19:34:01 2021,127.0.0.1,127.0.0.1,11848
Wed Feb 17 19:34:01 2021,127.0.0.1,127.0.0.1,11848
Wed Feb 17 19:34:01 2021,127.0.0.1,127.0.0.1,11848
Wed Feb 17 19:34:01 2021,10.0.0.14,192.114.46.177,7552
Wed Feb 17 19:34:01 2021,10.0.0.14,192.114.46.177,7552
Wed Feb 17 19:34:01 2021,10.0.0.14,192.114.46.177,7552
Wed Feb 17 19:34:01 2021,10.0.0.14,192.114.46.177,7552
Wed Feb 17 19:34:01 2021,10.0.0.14,192.114.46.177,7552
Wed Feb 17 19:34:01 2021,10.0.0.14,192.114.46.177,7552
Wed Feb 17 19:34:01 2021,10.0.0.14,192.114.46.177,7552
Wed Feb 17 19:34:01 2021,10.0.0.14,192.114.46.177,7552
Wed Feb 17 19:34:01 2021,10.0.0.14,192.114.46.177,7552
Wed Feb 17 19:34:01 2021,10.0.0.14,192.114.46.177,7552
Wed Feb 17 19:34:01 2021,10.0.0.14,192.114.46.177,7552
Wed Feb 17 19:34:01 2021,127.0.0.1,127.0.0.1,11848
Wed Feb 17 19:34:01 2021,127.0.0.1,127.0.0.1,11848
Wed Feb 17 19:34:01 2021,127.0.0.1,127.0.0.1,11848
Wed Feb 17 19:34:01 2021,127.0.0.1,127.0.0.1,11848
Wed Feb 17 19:34:01 2021,10.0.0.14,192.114.46.177,7552
Wed Feb 17 19:34:01 2021,10.0.0.14,192.114.46.177,7552
Wed Feb 17 19:34:01 2021,10.0.0.14,192.114.46.177,7552
Wed Feb 17 19:34:01 2021,10.0.0.14,192.114.46.177,7552
Wed Feb 17 19:34:01 2021,10.0.0.14,192.114.46.177,7552
Wed Feb 17 19:34:01 2021,10.0.0.14,192.114.46.177,7552
Wed Feb 17 19:34:01 2021,10.0.0.14,192.114.46.177,7552
Wed Feb 17 19:34:01 2021,10.0.0.14,192.114.46.177,7552
Wed Feb 17 19:34:01 2021,10.0.0.14,192.114.46.177,7552
Wed Feb 17 19:34:01 2021,10.0.0.14,192.114.46.177,7552
Wed Feb 17 19:34:01 2021,10.0.0.14,192.114.46.177,7552
Wed Feb 17 19:34:01 2021,10.0.0.14,192.114.46.177,7552
Wed Feb 17 19:34:01 2021,10.0.0.14,192.114.46.177,7552
Wed Feb 17 19:34:01 2021,10.0.0.14,192.114.46.177,7552
Wed Feb 17 19:34:01 2021,10.0.0.14,192.114.46.177,7552
Wed Feb 17 19:34:01 2021,10.0.0.14,192.114.46.177,7552
Wed Feb 17 19:34:01 2021,10.0.0.14,192.114.46.177,7552
Wed Feb 17 19:34:01 2021,10.0.0.14,192.114.46.177,7552
Wed Feb 17 19:34:01 2021,10.0.0.14,192.114.46.177,7552
Wed Feb 17 19:34:01 2021,10.0.0.14,192.114.46.177,7552
Wed Feb 17 19:34:01 2021,10.0.0.14,192.114.46.177,7552
Wed Feb 17 19:34:01 2021,10.0.0.14,192.114.46.177,7552
Wed Feb 17 19:34:01 2021,10.0.0.14,192.114.46.177,7552
Wed Feb 17 19:34:01 2021,127.0.0.1,127.0.0.1,11848
Wed Feb 17 19:34:01 2021,127.0.0.1,127.0.0.1,11848
Wed Feb 17 19:34:01 2021,127.0.0.1,127.0.0.1,11848
Wed Feb 17 19:34:01 2021,127.0.0.1,127.0.0.1,11848
Wed Feb 17 19:34:01 2021,10.0.0.14,192.114.46.177,7552
Wed Feb 17 19:34:01 2021,10.0.0.14,192.114.46.177,7552
Wed Feb 17 19:34:01 2021,10.0.0.14,192.114.46.177,7552
Wed Feb 17 19:34:01 2021,10.0.0.14,192.114.46.177,7552
Wed Feb 17 19:34:01 2021,10.0.0.14,192.114.46.177,7552
Wed Feb 17 19:34:01 2021,10.0.0.14,192.114.46.177,7552
Wed Feb 17 19:34:01 2021,10.0.0.14,192.114.46.177,7552
Wed Feb 17 19:34:01 2021,10.0.0.14,192.114.46.177,7552
Wed Feb 17 19:34:01 2021,10.0.0.14,192.114.46.177,7552
Wed Feb 17 19:34:01 2021,10.0.0.14,192.114.46.177,7552
Wed Feb 17 19:34:01 2021,10.0.0.14,192.114.46.177,7552
Wed Feb 17 19:34:01 2021,10.0.0.14,192.114.46.177,7552
Wed Feb 17 19:34:01 2021,10.0.0.14,192.114.46.177,7552
Wed Feb 17 19:34:01 2021,10.0.0.14,192.114.46.177,7552
Wed Feb 17 19:34:01 2021,10.0.0.14,192.114.46.177,7552
Wed Feb 17 19:34:01 2021,10.0.0.14,192.114.46.177,7552
Wed Feb 17 19:34:01 2021,10.0.0.14,192.114.46.177,7552
Wed Feb 17 19:34:01 2021,10.0.0.14,192.114.46.177,7552
Wed Feb 17 19:34:01 2021,10.0.0.14,192.114.46.177,7552
Wed Feb 17 19:34:01 2021,10.0.0.14,192.114.46.177,7552
Wed Feb 17 19:34:01 2021,10.0.0.14,192.114.46.177,7552
Wed Feb 17 19:34:01 2021,10.0.0.14,192.114.46.177,7552
Wed Feb 17 19:34:01 2021,10.0.0.14,192.114.46.177,7552
Wed Feb 17 19:34:01 2021,10.0.0.14,192.114.46.177,7552
Wed Feb 17 19:34:01 2021,10.0.0.14,192.114.46.177,7552
Wed Feb 17 19:34:01 2021,10.0.0.14,192.114.46.177,7552
Wed Feb 17 19:34:01 2021,10.0.0.14,192.114.46.177,7552
Wed Feb 17 19:34:01 2021,10.0.0.14,192.114.46.177,7552
Wed Feb 17 19:34:01 2021,10.0.0.14,192.114.46.177,7552
Wed Feb 17 19:34:01 2021,10.0.0.14,192.114.46.177,7552
Wed Feb 17 19:34:01 2021,10.0.0.14,192.114.46.177,7552
Wed Feb 17 19:34:01 2021,127.0.0.1,127.0.0.1,11848
Wed Feb 17 19:34:01 2021,127.0.0.1,127.0.0.1,11848
Wed Feb 17 19:34:01 2021,127.0.0.1,127.0.0.1,11848
Wed Feb 17 19:34:01 2021,127.0.0.1,127.0.0.1,11848
Wed Feb 17 19:34:01 2021,10.0.0.14,192.114.46.177,7552
Wed Feb 17 19:34:01 2021,10.0.0.14,192.114.46.177,7552
Wed Feb 17 19:34:01 2021,10.0.0.14,192.114.46.177,7552
Wed Feb 17 19:34:01 2021,10.0.0.14,192.114.46.177,7552
Wed Feb 17 19:34:01 2021,10.0.0.14,192.114.46.177,7552
Wed Feb 17 19:34:01 2021,10.0.0.14,192.114.46.177,7552
Wed Feb 17 19:34:01 2021,10.0.0.14,192.114.46.177,7552
Wed Feb 17 19:34:01 2021,10.0.0.14,192.114.46.177,7552
Wed Feb 17 19:34:01 2021,10.0.0.14,192.114.46.177,7552
Wed Feb 17 19:34:01 2021,127.0.0.1,127.0.0.1,11848
Wed Feb 17 19:34:01 2021,127.0.0.1,127.0.0.1,11848
Wed Feb 17 19:34:01 2021,127.0.0.1,127.0.0.1,11848
Wed Feb 17 19:34:01 2021,127.0.0.1,127.0.0.1,11848
Wed Feb 17 19:34:01 2021,10.0.0.14,192.114.46.177,7552
Wed Feb 17 19:34:01 2021,10.0.0.14,192.114.46.177,7552
Wed Feb 17 19:34:01 2021,10.0.0.14,192.114.46.177,7552
Wed Feb 17 19:34:01 2021,10.0.0.14,192.114.46.177,7552
Wed Feb 17 19:34:01 2021,10.0.0.14,192.114.46.177,7552
Wed Feb 17 19:34:01 2021,10.0.0.14,192.114.46.177,7552
Wed Feb 17 19:34:01 2021,10.0.0.14,192.114.46.177,7552
Wed Feb 17 19:34:01 2021,10.0.0.14,192.114.46.177,7552
Wed Feb 17 19:34:01 2021,10.0.0.14,192.114.46.177,7552
Wed Feb 17 19:34:01 2021,10.0.0.14,192.114.46.177,7552
Wed Feb 17 19:34:01 2021,10.0.0.14,192.114.46.177,7552
Wed Feb 17 19:34:01 2021,10.0.0.14,192.114.46.177,7552
Wed Feb 17 19:34:01 2021,127.0.0.1,127.0.0.1,11848
Wed Feb 17 19:34:01 2021,127.0.0.1,127.0.0.1,11848
Wed Feb 17 19:34:01 2021,127.0.0.1,127.0.0.1,11848
Wed Feb 17 19:34:01 2021,127.0.0.1,127.0.0.1,11848
Wed Feb 17 19:34:01 2021,10.0.0.14,192.114.46.177,7552
Wed Feb 17 19:34:01 2021,10.0.0.14,192.114.46.177,7552
Wed Feb 17 19:34:01 2021,10.0.0.14,192.114.46.177,7552
Wed Feb 17 19:34:01 2021,10.0.0.14,192.114.46.177,7552
Wed Feb 17 19:34:01 2021,10.0.0.14,192.114.46.177,7552
Wed Feb 17 19:34:01 2021,10.0.0.14,192.114.46.177,7552
Wed Feb 17 19:34:01 2021,127.0.0.1,127.0.0.1,11848
Wed Feb 17 19:34:01 2021,127.0.0.1,127.0.0.1,11848
Wed Feb 17 19:34:01 2021,127.0.0.1,127.0.0.1,11848
Wed Feb 17 19:34:01 2021,127.0.0.1,127.0.0.1,11848
Wed Feb 17 19:34:01 2021,10.0.0.14,192.114.46.177,7552
Wed Feb 17 19:34:01 2021,10.0.0.14,192.114.46.177,7552
Wed Feb 17 19:34:01 2021,10.0.0.14,192.114.46.177,7552
Wed Feb 17 19:34:01 2021,10.0.0.14,192.114.46.177,7552
Wed Feb 17 19:34:01 2021,10.0.0.14,192.114.46.177,7552
Wed Feb 17 19:34:01 2021,10.0.0.14,192.114.46.177,7552
Wed Feb 17 19:34:01 2021,10.0.0.14,192.114.46.177,7552
Wed Feb 17 19:34:01 2021,10.0.0.14,192.114.46.177,7552
Wed Feb 17 19:34:01 2021,10.0.0.14,192.114.46.177,7552
Wed Feb 17 19:34:01 2021,127.0.0.1,127.0.0.1,11848
Wed Feb 17 19:34:01 2021,127.0.0.1,127.0.0.1,11848
Wed Feb 17 19:34:01 2021,127.0.0.1,127.0.0.1,11848
Wed Feb 17 19:34:01 2021,127.0.0.1,127.0.0.1,11848
Wed Feb 17 19:34:01 2021,10.0.0.14,192.114.46.177,7552
Wed Feb 17 19:34:01 2021,10.0.0.14,192.114.46.177,7552
Wed Feb 17 19:34:01 2021,10.0.0.14,192.114.46.177,7552
Wed Feb 17 19:34:01 2021,10.0.0.14,192.114.46.177,7552
Wed Feb 17 19:34:01 2021,10.0.0.14,192.114.46.177,7552
Wed Feb 17 19:34:01 2021,10.0.0.14,192.114.46.177,7552
Wed Feb 17 19:34:01 2021,10.0.0.14,192.114.46.177,7552
Wed Feb 17 19:34:01 2021,10.0.0.14,192.114.46.177,7552
Wed Feb 17 19:34:01 2021,10.0.0.14,192.114.46.177,7552
Wed Feb 17 19:34:01 2021,10.0.0.14,192.114.46.177,7552
Wed Feb 17 19:34:01 2021,10.0.0.14,192.114.46.177,7552
Wed Feb 17 19:34:01 2021,10.0.0.14,192.114.46.177,7552
Wed Feb 17 19:34:01 2021,10.0.0.14,192.114.46.177,7552
Wed Feb 17 19:34:01 2021,10.0.0.14,192.114.46.177,7552
Wed Feb 17 19:34:01 2021,10.0.0.14,192.114.46.177,7552
Wed Feb 17 19:34:01 2021,10.0.0.14,192.114.46.177,7552
Wed Feb 17 19:34:01 2021,10.0.0.14,192.114.46.177,7552
Wed Feb 17 19:34:01 2021,10.0.0.14,192.114.46.177,7552
Wed Feb 17 19:34:01 2021,10.0.0.14,192.114.46.177,7552
Wed Feb 17 19:34:01 2021,10.0.0.14,192.114.46.177,7552
Wed Feb 17 19:34:01 2021,10.0.0.14,192.114.46.177,7552
Wed Feb 17 19:34:01 2021,10.0.0.14,192.114.46.177,7552
Wed Feb 17 19:34:01 2021,10.0.0.14,192.114.46.177,7552
Wed Feb 17 19:34:01 2021,10.0.0.14,192.114.46.177,7552
Wed Feb 17 19:34:01 2021,10.0.0.14,192.114.46.177,7552
Wed Feb 17 19:34:01 2021,10.0.0.14,192.114.46.177,7552
Wed Feb 17 19:34:01 2021,10.0.0.14,192.114.46.177,7552
Wed Feb 17 19:34:01 2021,10.0.0.14,192.114.46.177,7552
Wed Feb 17 19:34:01 2021,10.0.0.14,192.114.46.177,7552
Wed Feb 17 19:34:01 2021,10.0.0.14,192.114.46.177,7552
Wed Feb 17 19:34:01 2021,10.0.0.14,192.114.46.177,7552
Wed Feb 17 19:34:01 2021,10.0.0.14,192.114.46.177,7552
Wed Feb 17 19:34:01 2021,10.0.0.14,192.114.46.177,7552
Wed Feb 17 19:34:01 2021,127.0.0.1,127.0.0.1,11848
Wed Feb 17 19:34:01 2021,127.0.0.1,127.0.0.1,11848
Wed Feb 17 19:34:01 2021,127.0.0.1,127.0.0.1,11848
Wed Feb 17 19:34:01 2021,127.0.0.1,127.0.0.1,11848
Wed Feb 17 19:34:01 2021,10.0.0.6,224.0.0.251,4136
Wed Feb 17 19:34:01 2021,10.0.0.6,224.0.0.251,1912
Wed Feb 17 19:34:01 2021,10.0.0.14,192.114.46.177,7552
Wed Feb 17 19:34:01 2021,10.0.0.14,192.114.46.177,7552
Wed Feb 17 19:34:01 2021,10.0.0.14,192.114.46.177,7552
Wed Feb 17 19:34:01 2021,10.0.0.14,192.114.46.177,7552
Wed Feb 17 19:34:01 2021,10.0.0.14,192.114.46.177,7552
Wed Feb 17 19:34:01 2021,10.0.0.14,192.114.46.177,7552
Wed Feb 17 19:34:01 2021,10.0.0.14,192.114.46.177,7552
Wed Feb 17 19:34:01 2021,127.0.0.1,127.0.0.1,11848
Wed Feb 17 19:34:01 2021,127.0.0.1,127.0.0.1,11848
Wed Feb 17 19:34:01 2021,127.0.0.1,127.0.0.1,11848
Wed Feb 17 19:34:01 2021,127.0.0.1,127.0.0.1,11848
Wed Feb 17 19:34:01 2021,10.0.0.14,192.114.46.177,7552
Wed Feb 17 19:34:01 2021,10.0.0.14,192.114.46.177,7552
Wed Feb 17 19:34:01 2021,10.0.0.14,192.114.46.177,7552
Wed Feb 17 19:34:01 2021,10.0.0.14,192.114.46.177,7552
Wed Feb 17 19:34:01 2021,10.0.0.14,192.114.46.177,7552
Wed Feb 17 19:34:01 2021,10.0.0.14,192.114.46.177,7552
Wed Feb 17 19:34:01 2021,10.0.0.14,192.114.46.177,7552
Wed Feb 17 19:34:01 2021,10.0.0.14,192.114.46.177,7552
Wed Feb 17 19:34:01 2021,10.0.0.14,192.114.46.177,7552
Wed Feb 17 19:34:01 2021,10.0.0.14,192.114.46.177,7552
Wed Feb 17 19:34:01 2021,10.0.0.14,192.114.46.177,7552
Wed Feb 17 19:34:01 2021,10.0.0.14,192.114.46.177,7552
Wed Feb 17 19:34:01 2021,10.0.0.14,192.114.46.177,7552
Wed Feb 17 19:34:01 2021,10.0.0.14,192.114.46.177,7552
Wed Feb 17 19:34:01 2021,10.0.0.14,192.114.46.177,7552
Wed Feb 17 19:34:01 2021,10.0.0.14,192.114.46.177,7552
Wed Feb 17 19:34:01 2021,10.0.0.14,192.114.46.177,7552
Wed Feb 17 19:34:01 2021,10.0.0.14,192.114.46.177,7552
Wed Feb 17 19:34:01 2021,10.0.0.14,192.114.46.177,7552
Wed Feb 17 19:34:01 2021,10.0.0.14,192.114.46.177,7552
Wed Feb 17 19:34:01 2021,10.0.0.14,192.114.46.177,7552
Wed Feb 17 19:34:01 2021,10.0.0.14,192.114.46.177,7552
Wed Feb 17 19:34:01 2021,10.0.0.14,192.114.46.177,7552
Wed Feb 17 19:34:01 2021,10.0.0.14,192.114.46.177,7552
Wed Feb 17 19:34:01 2021,10.0.0.14,192.114.46.177,7552
Wed Feb 17 19:34:01 2021,10.0.0.14,192.114.46.177,7552
Wed Feb 17 19:34:01 2021,10.0.0.14,192.114.46.177,7552
Wed Feb 17 19:34:01 2021,10.0.0.14,192.114.46.177,7552
Wed Feb 17 19:34:01 2021,10.0.0.14,192.114.46.177,7552
Wed Feb 17 19:34:01 2021,10.0.0.14,192.114.46.177,7552
Wed Feb 17 19:34:01 2021,10.0.0.14,192.114.46.177,7552
Wed Feb 17 19:34:01 2021,10.0.0.14,192.114.46.177,7552
Wed Feb 17 19:34:01 2021,10.0.0.14,192.114.46.177,7552
Wed Feb 17 19:34:01 2021,10.0.0.14,192.114.46.177,7552
Wed Feb 17 19:34:01 2021,10.0.0.14,192.114.46.177,7552
Wed Feb 17 19:34:01 2021,10.0.0.14,192.114.46.177,7552
Wed Feb 17 19:34:01 2021,10.0.0.14,192.114.46.177,7552
Wed Feb 17 19:34:01 2021,10.0.0.14,192.114.46.177,7552
Wed Feb 17 19:34:01 2021,10.0.0.14,192.114.46.177,7552
Wed Feb 17 19:34:01 2021,10.0.0.14,192.114.46.177,7552
Wed Feb 17 19:34:01 2021,10.0.0.14,192.114.46.177,7552
Wed Feb 17 19:34:01 2021,10.0.0.14,192.114.46.177,7552
Wed Feb 17 19:34:01 2021,10.0.0.14,192.114.46.177,7552
Wed Feb 17 19:34:01 2021,10.0.0.14,192.114.46.177,7552
Wed Feb 17 19:34:01 2021,10.0.0.14,192.114.46.177,7552
Wed Feb 17 19:34:01 2021,10.0.0.14,192.114.46.177,7552
Wed Feb 17 19:34:01 2021,10.0.0.14,192.114.46.177,7552
Wed Feb 17 19:34:01 2021,10.0.0.14,192.114.46.177,7552
Wed Feb 17 19:34:01 2021,10.0.0.14,192.114.46.177,7552
Wed Feb 17 19:34:01 2021,10.0.0.14,192.114.46.177,7552
Wed Feb 17 19:34:01 2021,10.0.0.14,192.114.46.177,7552
Wed Feb 17 19:34:01 2021,10.0.0.14,192.114.46.177,7552
Wed Feb 17 19:34:01 2021,10.0.0.14,192.114.46.177,7552
Wed Feb 17 19:34:01 2021,127.0.0.1,127.0.0.1,11848
Wed Feb 17 19:34:01 2021,127.0.0.1,127.0.0.1,11848
Wed Feb 17 19:34:01 2021,127.0.0.1,127.0.0.1,11848
Wed Feb 17 19:34:01 2021,127.0.0.1,127.0.0.1,11848
Wed Feb 17 19:34:01 2021,127.0.0.1,127.0.0.1,11848
Wed Feb 17 19:34:01 2021,127.0.0.1,127.0.0.1,11848
Wed Feb 17 19:34:01 2021,127.0.0.1,127.0.0.1,11848
Wed Feb 17 19:34:01 2021,127.0.0.1,127.0.0.1,11848
Wed Feb 17 19:34:01 2021,10.0.0.14,192.114.46.177,7552
Wed Feb 17 19:34:01 2021,10.0.0.14,192.114.46.177,7552
Wed Feb 17 19:34:01 2021,10.0.0.14,192.114.46.177,7552
Wed Feb 17 19:34:01 2021,10.0.0.14,192.114.46.177,7552
Wed Feb 17 19:34:01 2021,10.0.0.14,192.114.46.177,7552
Wed Feb 17 19:34:01 2021,10.0.0.14,192.114.46.177,7552
Wed Feb 17 19:34:01 2021,10.0.0.14,192.114.46.177,7552
Wed Feb 17 19:34:01 2021,10.0.0.14,192.114.46.177,7552
Wed Feb 17 19:34:01 2021,10.0.0.14,192.114.46.177,7552
Wed Feb 17 19:34:01 2021,10.0.0.14,192.114.46.177,7552
Wed Feb 17 19:34:01 2021,10.0.0.14,192.114.46.177,7552
Wed Feb 17 19:34:01 2021,10.0.0.14,192.114.46.177,7552
Wed Feb 17 19:34:01 2021,10.0.0.14,192.114.46.177,7552
Wed Feb 17 19:34:01 2021,10.0.0.14,192.114.46.177,7552
Wed Feb 17 19:34:01 2021,127.0.0.1,127.0.0.1,11848
Wed Feb 17 19:34:01 2021,127.0.0.1,127.0.0.1,11848
Wed Feb 17 19:34:01 2021,127.0.0.1,127.0.0.1,11848
Wed Feb 17 19:34:01 2021,127.0.0.1,127.0.0.1,11848
Wed Feb 17 19:34:01 2021,10.0.0.14,192.114.46.177,7552
Wed Feb 17 19:34:01 2021,10.0.0.14,192.114.46.177,7552
Wed Feb 17 19:34:01 2021,10.0.0.14,192.114.46.177,7552
Wed Feb 17 19:34:01 2021,10.0.0.14,192.114.46.177,7552
Wed Feb 17 19:34:01 2021,10.0.0.14,192.114.46.177,7552
Wed Feb 17 19:34:01 2021,10.0.0.14,192.114.46.177,7552
Wed Feb 17 19:34:01 2021,127.0.0.1,127.0.0.1,11848
Wed Feb 17 19:34:01 2021,127.0.0.1,127.0.0.1,11848
Wed Feb 17 19:34:01 2021,127.0.0.1,127.0.0.1,11848
Wed Feb 17 19:34:01 2021,127.0.0.1,127.0.0.1,11848
Wed Feb 17 19:34:01 2021,10.0.0.14,192.114.46.177,7552
Wed Feb 17 19:34:01 2021,10.0.0.14,192.114.46.177,7552
Wed Feb 17 19:34:01 2021,10.0.0.14,192.114.46.177,7552
Wed Feb 17 19:34:01 2021,10.0.0.14,192.114.46.177,7552
Wed Feb 17 19:34:01 2021,10.0.0.14,192.114.46.177,7552
Wed Feb 17 19:34:01 2021,10.0.0.14,192.114.46.177,7552
Wed Feb 17 19:34:01 2021,10.0.0.14,192.114.46.177,7552
Wed Feb 17 19:34:01 2021,10.0.0.14,192.114.46.177,7552
Wed Feb 17 19:34:01 2021,10.0.0.14,192.114.46.177,7552
Wed Feb 17 19:34:01 2021,10.0.0.14,192.114.46.177,7552
Wed Feb 17 19:34:01 2021,10.0.0.14,192.114.46.177,7552
Wed Feb 17 19:34:01 2021,10.0.0.14,192.114.46.177,7552
Wed Feb 17 19:34:01 2021,10.0.0.14,192.114.46.177,7552
Wed Feb 17 19:34:01 2021,10.0.0.14,192.114.46.177,7552
Wed Feb 17 19:34:01 2021,10.0.0.14,192.114.46.177,7552
Wed Feb 17 19:34:01 2021,10.0.0.14,192.114.46.177,7552
Wed Feb 17 19:34:01 2021,10.0.0.14,192.114.46.177,7552
Wed Feb 17 19:34:01 2021,10.0.0.14,192.114.46.177,7552
Wed Feb 17 19:34:01 2021,127.0.0.1,127.0.0.1,11848
Wed Feb 17 19:34:01 2021,127.0.0.1,127.0.0.1,11848
Wed Feb 17 19:34:01 2021,127.0.0.1,127.0.0.1,11848
Wed Feb 17 19:34:01 2021,127.0.0.1,127.0.0.1,11848
Wed Feb 17 19:34:01 2021,10.0.0.14,192.114.46.177,7552
Wed Feb 17 19:34:01 2021,10.0.0.14,192.114.46.177,7552
Wed Feb 17 19:34:01 2021,10.0.0.14,192.114.46.177,7552
Wed Feb 17 19:34:01 2021,10.0.0.14,192.114.46.177,7552
Wed Feb 17 19:34:01 2021,10.0.0.14,192.114.46.177,7552
Wed Feb 17 19:34:01 2021,10.0.0.14,192.114.46.177,7552
Wed Feb 17 19:34:01 2021,10.0.0.14,192.114.46.177,7552
Wed Feb 17 19:34:01 2021,10.0.0.14,192.114.46.177,7552
Wed Feb 17 19:34:01 2021,10.0.0.14,192.114.46.177,7552
Wed Feb 17 19:34:01 2021,10.0.0.14,192.114.46.177,7552
Wed Feb 17 19:34:01 2021,10.0.0.14,192.114.46.177,7552
Wed Feb 17 19:34:01 2021,10.0.0.14,192.114.46.177,7552
Wed Feb 17 19:34:01 2021,10.0.0.14,192.114.46.177,7552
Wed Feb 17 19:34:01 2021,10.0.0.14,192.114.46.177,7552
Wed Feb 17 19:34:01 2021,10.0.0.14,192.114.46.177,7552
Wed Feb 17 19:34:01 2021,10.0.0.14,192.114.46.177,7552
Wed Feb 17 19:34:01 2021,10.0.0.14,192.114.46.177,7552
Wed Feb 17 19:34:01 2021,10.0.0.14,192.114.46.177,7552
Wed Feb 17 19:34:01 2021,10.0.0.14,192.114.46.177,7552
Wed Feb 17 19:34:01 2021,10.0.0.14,192.114.46.177,7552
Wed Feb 17 19:34:01 2021,10.0.0.14,192.114.46.177,7552
Wed Feb 17 19:34:01 2021,10.0.0.14,192.114.46.177,7552
Wed Feb 17 19:34:01 2021,127.0.0.1,127.0.0.1,11848
Wed Feb 17 19:34:01 2021,127.0.0.1,127.0.0.1,11848
Wed Feb 17 19:34:01 2021,127.0.0.1,127.0.0.1,11848
Wed Feb 17 19:34:01 2021,127.0.0.1,127.0.0.1,11848
Wed Feb 17 19:34:01 2021,10.0.0.14,192.114.46.177,7552
Wed Feb 17 19:34:01 2021,10.0.0.14,192.114.46.177,7552
Wed Feb 17 19:34:01 2021,10.0.0.14,192.114.46.177,7552
Wed Feb 17 19:34:01 2021,10.0.0.14,192.114.46.177,7552
Wed Feb 17 19:34:01 2021,10.0.0.14,192.114.46.177,7552
Wed Feb 17 19:34:01 2021,10.0.0.14,192.114.46.177,7552
Wed Feb 17 19:34:01 2021,10.0.0.14,192.114.46.177,7552
Wed Feb 17 19:34:01 2021,10.0.0.14,192.114.46.177,7552
Wed Feb 17 19:34:01 2021,10.0.0.14,192.114.46.177,7552
Wed Feb 17 19:34:01 2021,127.0.0.1,127.0.0.1,11848
Wed Feb 17 19:34:01 2021,127.0.0.1,127.0.0.1,11848
Wed Feb 17 19:34:01 2021,127.0.0.1,127.0.0.1,11848
Wed Feb 17 19:34:01 2021,127.0.0.1,127.0.0.1,11848
Wed Feb 17 19:34:01 2021,10.0.0.14,192.114.46.177,7552
Wed Feb 17 19:34:01 2021,10.0.0.14,192.114.46.177,7552
Wed Feb 17 19:34:01 2021,10.0.0.14,192.114.46.177,7552
Wed Feb 17 19:34:01 2021,10.0.0.14,192.114.46.177,7552
Wed Feb 17 19:34:01 2021,10.0.0.14,192.114.46.177,7552
Wed Feb 17 19:34:01 2021,10.0.0.14,192.114.46.177,7552
Wed Feb 17 19:34:01 2021,10.0.0.14,192.114.46.177,7552
Wed Feb 17 19:34:01 2021,10.0.0.14,192.114.46.177,7552
Wed Feb 17 19:34:01 2021,10.0.0.14,192.114.46.177,7552
Wed Feb 17 19:34:01 2021,10.0.0.14,192.114.46.177,7552
Wed Feb 17 19:34:01 2021,10.0.0.14,192.114.46.177,7552
Wed Feb 17 19:34:01 2021,10.0.0.14,192.114.46.177,7552
Wed Feb 17 19:34:01 2021,10.0.0.14,192.114.46.177,7552
Wed Feb 17 19:34:01 2021,10.0.0.14,192.114.46.177,7552
Wed Feb 17 19:34:01 2021,10.0.0.14,192.114.46.177,7552
Wed Feb 17 19:34:01 2021,10.0.0.14,192.114.46.177,7552
Wed Feb 17 19:34:01 2021,10.0.0.14,192.114.46.177,7552
Wed Feb 17 19:34:01 2021,10.0.0.14,192.114.46.177,7552
Wed Feb 17 19:34:01 2021,127.0.0.1,127.0.0.1,11848
Wed Feb 17 19:34:01 2021,127.0.0.1,127.0.0.1,11848
Wed Feb 17 19:34:01 2021,127.0.0.1,127.0.0.1,11848
Wed Feb 17 19:34:01 2021,127.0.0.1,127.0.0.1,11848
Wed Feb 17 19:34:01 2021,10.0.0.14,192.114.46.177,7552
Wed Feb 17 19:34:01 2021,10.0.0.14,192.114.46.177,7552
Wed Feb 17 19:34:01 2021,10.0.0.14,192.114.46.177,7552
Wed Feb 17 19:34:01 2021,10.0.0.14,192.114.46.177,7552
Wed Feb 17 19:34:01 2021,10.0.0.14,192.114.46.177,7552
Wed Feb 17 19:34:01 2021,127.0.0.1,127.0.0.1,11848
Wed Feb 17 19:34:01 2021,127.0.0.1,127.0.0.1,11848
Wed Feb 17 19:34:01 2021,127.0.0.1,127.0.0.1,11848
Wed Feb 17 19:34:01 2021,127.0.0.1,127.0.0.1,11848
Wed Feb 17 19:34:01 2021,10.0.0.14,192.114.46.177,7552
Wed Feb 17 19:34:01 2021,10.0.0.14,192.114.46.177,7552
Wed Feb 17 19:34:01 2021,10.0.0.14,192.114.46.177,7552
Wed Feb 17 19:34:01 2021,10.0.0.14,192.114.46.177,7552
Wed Feb 17 19:34:01 2021,10.0.0.14,192.114.46.177,7552
Wed Feb 17 19:34:01 2021,10.0.0.14,192.114.46.177,7552
Wed Feb 17 19:34:01 2021,10.0.0.14,192.114.46.177,7552
Wed Feb 17 19:34:01 2021,10.0.0.14,192.114.46.177,7552
Wed Feb 17 19:34:01 2021,10.0.0.14,192.114.46.177,7552
Wed Feb 17 19:34:01 2021,10.0.0.14,192.114.46.177,7552
Wed Feb 17 19:34:01 2021,10.0.0.14,192.114.46.177,7552
Wed Feb 17 19:34:01 2021,10.0.0.14,192.114.46.177,7552
Wed Feb 17 19:34:01 2021,10.0.0.14,192.114.46.177,7552
Wed Feb 17 19:34:01 2021,10.0.0.14,192.114.46.177,7552
Wed Feb 17 19:34:01 2021,10.0.0.14,192.114.46.177,7552
Wed Feb 17 19:34:01 2021,10.0.0.14,192.114.46.177,7552
Wed Feb 17 19:34:01 2021,10.0.0.14,192.114.46.177,7552
Wed Feb 17 19:34:01 2021,10.0.0.14,192.114.46.177,7552
Wed Feb 17 19:34:01 2021,10.0.0.14,192.114.46.177,7552
Wed Feb 17 19:34:01 2021,10.0.0.14,192.114.46.177,7552
Wed Feb 17 19:34:01 2021,10.0.0.14,192.114.46.177,7552
Wed Feb 17 19:34:01 2021,10.0.0.14,192.114.46.177,7552
Wed Feb 17 19:34:01 2021,10.0.0.14,192.114.46.177,7552
Wed Feb 17 19:34:01 2021,127.0.0.1,127.0.0.1,11848
Wed Feb 17 19:34:01 2021,127.0.0.1,127.0.0.1,11848
Wed Feb 17 19:34:01 2021,127.0.0.1,127.0.0.1,11848
Wed Feb 17 19:34:01 2021,127.0.0.1,127.0.0.1,11848
Wed Feb 17 19:34:01 2021,10.0.0.14,192.114.46.177,7552
Wed Feb 17 19:34:01 2021,10.0.0.14,192.114.46.177,7552
Wed Feb 17 19:34:01 2021,10.0.0.14,192.114.46.177,7552
Wed Feb 17 19:34:01 2021,10.0.0.14,192.114.46.177,7552
Wed Feb 17 19:34:01 2021,10.0.0.14,192.114.46.177,7552
Wed Feb 17 19:34:01 2021,10.0.0.14,192.114.46.177,7552
Wed Feb 17 19:34:01 2021,10.0.0.14,192.114.46.177,7552
Wed Feb 17 19:34:01 2021,10.0.0.14,192.114.46.177,7552
Wed Feb 17 19:34:01 2021,10.0.0.14,192.114.46.177,7552
Wed Feb 17 19:34:01 2021,10.0.0.14,192.114.46.177,7552
Wed Feb 17 19:34:01 2021,10.0.0.14,192.114.46.177,7552
Wed Feb 17 19:34:01 2021,10.0.0.14,192.114.46.177,7552
Wed Feb 17 19:34:01 2021,10.0.0.14,192.114.46.177,7552
Wed Feb 17 19:34:01 2021,10.0.0.14,192.114.46.177,7552
Wed Feb 17 19:34:01 2021,10.0.0.14,192.114.46.177,7552
Wed Feb 17 19:34:01 2021,10.0.0.14,192.114.46.177,7552
Wed Feb 17 19:34:01 2021,10.0.0.14,192.114.46.177,7552
Wed Feb 17 19:34:01 2021,10.0.0.14,192.114.46.177,7552
Wed Feb 17 19:34:01 2021,10.0.0.14,192.114.46.177,7552
Wed Feb 17 19:34:01 2021,10.0.0.14,192.114.46.177,7552
Wed Feb 17 19:34:01 2021,10.0.0.14,192.114.46.177,7552
Wed Feb 17 19:34:01 2021,10.0.0.14,192.114.46.177,7552
Wed Feb 17 19:34:01 2021,10.0.0.14,192.114.46.177,7552
Wed Feb 17 19:34:01 2021,10.0.0.14,192.114.46.177,7552
Wed Feb 17 19:34:01 2021,10.0.0.14,192.114.46.177,7552
Wed Feb 17 19:34:01 2021,10.0.0.14,192.114.46.177,7552
Wed Feb 17 19:34:01 2021,10.0.0.14,192.114.46.177,7552
Wed Feb 17 19:34:01 2021,10.0.0.14,192.114.46.177,7552
Wed Feb 17 19:34:01 2021,10.0.0.14,192.114.46.177,7552
Wed Feb 17 19:34:01 2021,10.0.0.14,192.114.46.177,7552
Wed Feb 17 19:34:01 2021,10.0.0.14,192.114.46.177,7552
Wed Feb 17 19:34:01 2021,10.0.0.14,192.114.46.177,7552
Wed Feb 17 19:34:01 2021,10.0.0.14,192.114.46.177,7552
Wed Feb 17 19:34:01 2021,10.0.0.14,192.114.46.177,7552
Wed Feb 17 19:34:01 2021,10.0.0.14,192.114.46.177,7552
Wed Feb 17 19:34:01 2021,10.0.0.14,192.114.46.177,7552
Wed Feb 17 19:34:01 2021,10.0.0.14,192.114.46.177,7552
Wed Feb 17 19:34:01 2021,127.0.0.1,127.0.0.1,11848
Wed Feb 17 19:34:01 2021,127.0.0.1,127.0.0.1,11848
Wed Feb 17 19:34:01 2021,127.0.0.1,127.0.0.1,11848
Wed Feb 17 19:34:01 2021,127.0.0.1,127.0.0.1,11848
Wed Feb 17 19:34:01 2021,10.0.0.14,192.114.46.177,7552
Wed Feb 17 19:34:01 2021,10.0.0.14,192.114.46.177,7552
Wed Feb 17 19:34:01 2021,10.0.0.14,192.114.46.177,7552
Wed Feb 17 19:34:01 2021,10.0.0.14,192.114.46.177,7552
Wed Feb 17 19:34:01 2021,10.0.0.14,192.114.46.177,7552
Wed Feb 17 19:34:01 2021,10.0.0.14,192.114.46.177,7552
Wed Feb 17 19:34:01 2021,10.0.0.14,192.114.46.177,7552
Wed Feb 17 19:34:01 2021,10.0.0.14,192.114.46.177,7552
Wed Feb 17 19:34:01 2021,10.0.0.14,192.114.46.177,7552
Wed Feb 17 19:34:01 2021,10.0.0.14,192.114.46.177,7552
Wed Feb 17 19:34:01 2021,10.0.0.14,192.114.46.177,7552
Wed Feb 17 19:34:01 2021,10.0.0.14,192.114.46.177,7552
Wed Feb 17 19:34:01 2021,10.0.0.14,192.114.46.177,7552
Wed Feb 17 19:34:01 2021,10.0.0.14,192.114.46.177,7552
Wed Feb 17 19:34:01 2021,10.0.0.14,192.114.46.177,7552
Wed Feb 17 19:34:01 2021,10.0.0.14,192.114.46.177,7552
Wed Feb 17 19:34:01 2021,10.0.0.14,192.114.46.177,7552
Wed Feb 17 19:34:01 2021,10.0.0.14,192.114.46.177,7552
Wed Feb 17 19:34:01 2021,10.0.0.14,192.114.46.177,7552
Wed Feb 17 19:34:01 2021,10.0.0.14,192.114.46.177,7552
Wed Feb 17 19:34:01 2021,10.0.0.14,192.114.46.177,7552
Wed Feb 17 19:34:01 2021,10.0.0.14,192.114.46.177,7552
Wed Feb 17 19:34:01 2021,10.0.0.14,192.114.46.177,7552
Wed Feb 17 19:34:01 2021,10.0.0.14,192.114.46.177,7552
Wed Feb 17 19:34:01 2021,10.0.0.14,192.114.46.177,7552
Wed Feb 17 19:34:01 2021,10.0.0.14,192.114.46.177,7552
Wed Feb 17 19:34:01 2021,10.0.0.14,192.114.46.177,7552
Wed Feb 17 19:34:01 2021,10.0.0.14,192.114.46.177,7552
Wed Feb 17 19:34:01 2021,10.0.0.14,192.114.46.177,7552
Wed Feb 17 19:34:01 2021,10.0.0.14,192.114.46.177,7552
Wed Feb 17 19:34:01 2021,10.0.0.14,192.114.46.177,7552
Wed Feb 17 19:34:01 2021,10.0.0.14,192.114.46.177,7552
Wed Feb 17 19:34:01 2021,10.0.0.14,192.114.46.177,7552
Wed Feb 17 19:34:01 2021,127.0.0.1,127.0.0.1,11848
Wed Feb 17 19:34:01 2021,127.0.0.1,127.0.0.1,11848
Wed Feb 17 19:34:01 2021,127.0.0.1,127.0.0.1,11848
Wed Feb 17 19:34:01 2021,127.0.0.1,127.0.0.1,11848
Wed Feb 17 19:34:01 2021,10.0.0.14,192.114.46.177,7552
Wed Feb 17 19:34:01 2021,10.0.0.14,192.114.46.177,7552
Wed Feb 17 19:34:01 2021,10.0.0.14,192.114.46.177,7552
Wed Feb 17 19:34:01 2021,10.0.0.14,192.114.46.177,7552
Wed Feb 17 19:34:01 2021,10.0.0.14,192.114.46.177,7552
Wed Feb 17 19:34:01 2021,10.0.0.14,192.114.46.177,7552
Wed Feb 17 19:34:01 2021,10.0.0.14,192.114.46.177,7552
Wed Feb 17 19:34:01 2021,10.0.0.14,192.114.46.177,7552
Wed Feb 17 19:34:01 2021,10.0.0.14,192.114.46.177,7552
Wed Feb 17 19:34:01 2021,10.0.0.14,192.114.46.177,7552
Wed Feb 17 19:34:01 2021,10.0.0.14,192.114.46.177,7552
Wed Feb 17 19:34:01 2021,10.0.0.14,192.114.46.177,7552
Wed Feb 17 19:34:01 2021,10.0.0.14,192.114.46.177,7552
Wed Feb 17 19:34:01 2021,127.0.0.1,127.0.0.1,11848
Wed Feb 17 19:34:01 2021,127.0.0.1,127.0.0.1,11848
Wed Feb 17 19:34:01 2021,127.0.0.1,127.0.0.1,11848
Wed Feb 17 19:34:01 2021,127.0.0.1,127.0.0.1,11848
Wed Feb 17 19:34:01 2021,10.0.0.14,192.114.46.177,7552
Wed Feb 17 19:34:01 2021,10.0.0.14,192.114.46.177,7552
Wed Feb 17 19:34:01 2021,10.0.0.14,192.114.46.177,7552
Wed Feb 17 19:34:01 2021,10.0.0.14,192.114.46.177,7552
Wed Feb 17 19:34:01 2021,10.0.0.14,192.114.46.177,7552
Wed Feb 17 19:34:01 2021,10.0.0.14,192.114.46.177,7552
Wed Feb 17 19:34:01 2021,10.0.0.14,192.114.46.177,7552
Wed Feb 17 19:34:01 2021,10.0.0.14,192.114.46.177,7552
Wed Feb 17 19:34:01 2021,10.0.0.14,192.114.46.177,7552
Wed Feb 17 19:34:01 2021,10.0.0.14,192.114.46.177,7552
Wed Feb 17 19:34:01 2021,10.0.0.14,192.114.46.177,7552
Wed Feb 17 19:34:01 2021,10.0.0.14,192.114.46.177,7552
Wed Feb 17 19:34:01 2021,10.0.0.14,192.114.46.177,7552
Wed Feb 17 19:34:01 2021,10.0.0.14,192.114.46.177,7552
Wed Feb 17 19:34:01 2021,10.0.0.14,192.114.46.177,7552
Wed Feb 17 19:34:01 2021,10.0.0.14,192.114.46.177,7552
Wed Feb 17 19:34:01 2021,10.0.0.14,192.114.46.177,7552
Wed Feb 17 19:34:01 2021,10.0.0.14,192.114.46.177,7552
Wed Feb 17 19:34:01 2021,127.0.0.1,127.0.0.1,11848
Wed Feb 17 19:34:01 2021,127.0.0.1,127.0.0.1,11848
Wed Feb 17 19:34:01 2021,127.0.0.1,127.0.0.1,11848
Wed Feb 17 19:34:01 2021,127.0.0.1,127.0.0.1,11848
Wed Feb 17 19:34:01 2021,10.0.0.14,192.114.46.177,7552
Wed Feb 17 19:34:01 2021,10.0.0.14,192.114.46.177,7552
Wed Feb 17 19:34:01 2021,10.0.0.14,192.114.46.177,7552
Wed Feb 17 19:34:01 2021,10.0.0.14,192.114.46.177,7552
Wed Feb 17 19:34:01 2021,10.0.0.14,192.114.46.177,7552
Wed Feb 17 19:34:01 2021,10.0.0.14,192.114.46.177,7552
Wed Feb 17 19:34:01 2021,10.0.0.14,192.114.46.177,7552
Wed Feb 17 19:34:01 2021,10.0.0.14,192.114.46.177,7552
Wed Feb 17 19:34:01 2021,10.0.0.14,192.114.46.177,7552
Wed Feb 17 19:34:01 2021,10.0.0.14,192.114.46.177,7552
Wed Feb 17 19:34:01 2021,10.0.0.14,192.114.46.177,7552
Wed Feb 17 19:34:01 2021,10.0.0.14,192.114.46.177,7552
Wed Feb 17 19:34:01 2021,10.0.0.14,192.114.46.177,7552
Wed Feb 17 19:34:01 2021,10.0.0.14,192.114.46.177,7552
Wed Feb 17 19:34:01 2021,10.0.0.14,192.114.46.177,7552
Wed Feb 17 19:34:01 2021,10.0.0.14,192.114.46.177,7552
Wed Feb 17 19:34:01 2021,10.0.0.14,192.114.46.177,7552
Wed Feb 17 19:34:01 2021,10.0.0.14,192.114.46.177,7552
Wed Feb 17 19:34:01 2021,127.0.0.1,127.0.0.1,11848
Wed Feb 17 19:34:01 2021,127.0.0.1,127.0.0.1,11848
Wed Feb 17 19:34:01 2021,127.0.0.1,127.0.0.1,11848
Wed Feb 17 19:34:01 2021,127.0.0.1,127.0.0.1,11848
Wed Feb 17 19:34:01 2021,10.0.0.14,192.114.46.177,7552
Wed Feb 17 19:34:01 2021,10.0.0.14,192.114.46.177,7552
Wed Feb 17 19:34:01 2021,10.0.0.14,192.114.46.177,7552
Wed Feb 17 19:34:01 2021,10.0.0.14,192.114.46.177,7552
Wed Feb 17 19:34:01 2021,10.0.0.14,192.114.46.177,7552
Wed Feb 17 19:34:01 2021,10.0.0.14,192.114.46.177,7552
Wed Feb 17 19:34:01 2021,10.0.0.14,192.114.46.177,7552
Wed Feb 17 19:34:01 2021,127.0.0.1,127.0.0.1,11848
Wed Feb 17 19:34:01 2021,127.0.0.1,127.0.0.1,11848
Wed Feb 17 19:34:01 2021,127.0.0.1,127.0.0.1,11848
Wed Feb 17 19:34:01 2021,127.0.0.1,127.0.0.1,11848
Wed Feb 17 19:34:01 2021,10.0.0.14,192.114.46.177,7552
Wed Feb 17 19:34:01 2021,10.0.0.14,192.114.46.177,7552
Wed Feb 17 19:34:01 2021,10.0.0.14,192.114.46.177,7552
Wed Feb 17 19:34:01 2021,10.0.0.14,192.114.46.177,7552
Wed Feb 17 19:34:01 2021,10.0.0.14,192.114.46.177,7552
Wed Feb 17 19:34:01 2021,10.0.0.14,192.114.46.177,7552
Wed Feb 17 19:34:01 2021,10.0.0.14,192.114.46.177,7552
Wed Feb 17 19:34:01 2021,10.0.0.14,192.114.46.177,7552
Wed Feb 17 19:34:01 2021,10.0.0.14,192.114.46.177,7552
Wed Feb 17 19:34:01 2021,10.0.0.14,192.114.46.177,7552
Wed Feb 17 19:34:01 2021,10.0.0.14,192.114.46.177,7552
Wed Feb 17 19:34:01 2021,10.0.0.14,192.114.46.177,7552
Wed Feb 17 19:34:01 2021,10.0.0.14,192.114.46.177,7552
Wed Feb 17 19:34:01 2021,10.0.0.14,192.114.46.177,7552
Wed Feb 17 19:34:01 2021,10.0.0.14,192.114.46.177,7552
Wed Feb 17 19:34:01 2021,10.0.0.14,192.114.46.177,7552
Wed Feb 17 19:34:01 2021,127.0.0.1,127.0.0.1,11848
Wed Feb 17 19:34:01 2021,127.0.0.1,127.0.0.1,11848
Wed Feb 17 19:34:01 2021,127.0.0.1,127.0.0.1,11848
Wed Feb 17 19:34:01 2021,127.0.0.1,127.0.0.1,11848
Wed Feb 17 19:34:01 2021,10.0.0.14,192.114.46.177,7552
Wed Feb 17 19:34:01 2021,10.0.0.14,192.114.46.177,7552
Wed Feb 17 19:34:01 2021,10.0.0.14,192.114.46.177,7552
Wed Feb 17 19:34:01 2021,10.0.0.14,192.114.46.177,7552
Wed Feb 17 19:34:01 2021,10.0.0.14,192.114.46.177,7552
Wed Feb 17 19:34:01 2021,127.0.0.1,127.0.0.1,11848
Wed Feb 17 19:34:01 2021,127.0.0.1,127.0.0.1,11848
Wed Feb 17 19:34:01 2021,127.0.0.1,127.0.0.1,11848
Wed Feb 17 19:34:01 2021,127.0.0.1,127.0.0.1,11848
Wed Feb 17 19:34:01 2021,10.0.0.14,192.114.46.177,7552
Wed Feb 17 19:34:01 2021,10.0.0.14,192.114.46.177,7552
Wed Feb 17 19:34:01 2021,10.0.0.14,192.114.46.177,7552
Wed Feb 17 19:34:01 2021,10.0.0.14,192.114.46.177,7552
Wed Feb 17 19:34:01 2021,10.0.0.14,192.114.46.177,7552
Wed Feb 17 19:34:01 2021,10.0.0.14,192.114.46.177,7552
Wed Feb 17 19:34:01 2021,10.0.0.14,192.114.46.177,7552
Wed Feb 17 19:34:01 2021,10.0.0.14,192.114.46.177,7552
Wed Feb 17 19:34:01 2021,10.0.0.14,192.114.46.177,7552
Wed Feb 17 19:34:01 2021,10.0.0.14,192.114.46.177,7552
Wed Feb 17 19:34:01 2021,10.0.0.14,192.114.46.177,7552
Wed Feb 17 19:34:01 2021,10.0.0.14,192.114.46.177,7552
Wed Feb 17 19:34:01 2021,10.0.0.14,192.114.46.177,7552
Wed Feb 17 19:34:01 2021,10.0.0.14,192.114.46.177,7552
Wed Feb 17 19:34:01 2021,127.0.0.1,127.0.0.1,11848
Wed Feb 17 19:34:01 2021,127.0.0.1,127.0.0.1,11848
Wed Feb 17 19:34:01 2021,127.0.0.1,127.0.0.1,11848
Wed Feb 17 19:34:01 2021,127.0.0.1,127.0.0.1,11848
Wed Feb 17 19:34:01 2021,10.0.0.14,192.114.46.177,7552
Wed Feb 17 19:34:01 2021,10.0.0.14,192.114.46.177,7552
Wed Feb 17 19:34:01 2021,10.0.0.14,192.114.46.177,7552
Wed Feb 17 19:34:01 2021,10.0.0.14,192.114.46.177,7552
Wed Feb 17 19:34:01 2021,10.0.0.14,192.114.46.177,7552
Wed Feb 17 19:34:01 2021,10.0.0.14,192.114.46.177,7552
Wed Feb 17 19:34:01 2021,10.0.0.14,192.114.46.177,7552
Wed Feb 17 19:34:01 2021,10.0.0.14,192.114.46.177,7552
Wed Feb 17 19:34:01 2021,10.0.0.14,192.114.46.177,7552
Wed Feb 17 19:34:01 2021,127.0.0.1,127.0.0.1,11848
Wed Feb 17 19:34:01 2021,127.0.0.1,127.0.0.1,11848
Wed Feb 17 19:34:01 2021,127.0.0.1,127.0.0.1,11848
Wed Feb 17 19:34:01 2021,127.0.0.1,127.0.0.1,11848
Wed Feb 17 19:34:01 2021,10.0.0.14,192.114.46.177,7552
Wed Feb 17 19:34:01 2021,10.0.0.14,192.114.46.177,7552
Wed Feb 17 19:34:01 2021,10.0.0.14,192.114.46.177,7552
Wed Feb 17 19:34:01 2021,10.0.0.14,192.114.46.177,7552
Wed Feb 17 19:34:01 2021,10.0.0.14,192.114.46.177,7552
Wed Feb 17 19:34:01 2021,10.0.0.14,192.114.46.177,7552
Wed Feb 17 19:34:01 2021,10.0.0.14,192.114.46.177,7552
Wed Feb 17 19:34:01 2021,10.0.0.14,192.114.46.177,7552
Wed Feb 17 19:34:01 2021,10.0.0.14,192.114.46.177,7552
Wed Feb 17 19:34:01 2021,10.0.0.14,192.114.46.177,7552
Wed Feb 17 19:34:01 2021,10.0.0.14,192.114.46.177,7552
Wed Feb 17 19:34:01 2021,10.0.0.14,192.114.46.177,7552
Wed Feb 17 19:34:01 2021,127.0.0.1,127.0.0.1,11848
Wed Feb 17 19:34:01 2021,127.0.0.1,127.0.0.1,11848
Wed Feb 17 19:34:01 2021,127.0.0.1,127.0.0.1,11848
Wed Feb 17 19:34:01 2021,127.0.0.1,127.0.0.1,11848
Wed Feb 17 19:34:01 2021,10.0.0.14,192.114.46.177,7552
Wed Feb 17 19:34:01 2021,10.0.0.14,192.114.46.177,7552
Wed Feb 17 19:34:01 2021,10.0.0.14,192.114.46.177,7552
Wed Feb 17 19:34:01 2021,10.0.0.14,192.114.46.177,7552
Wed Feb 17 19:34:01 2021,10.0.0.14,192.114.46.177,7552
Wed Feb 17 19:34:01 2021,10.0.0.14,192.114.46.177,7552
Wed Feb 17 19:34:01 2021,10.0.0.14,192.114.46.177,7552
Wed Feb 17 19:34:01 2021,10.0.0.14,192.114.46.177,7552
Wed Feb 17 19:34:01 2021,10.0.0.14,192.114.46.177,7552
Wed Feb 17 19:34:01 2021,10.0.0.14,192.114.46.177,7552
Wed Feb 17 19:34:01 2021,10.0.0.14,192.114.46.177,7552
Wed Feb 17 19:34:01 2021,10.0.0.14,192.114.46.177,7552
Wed Feb 17 19:34:01 2021,10.0.0.14,192.114.46.177,7552
Wed Feb 17 19:34:01 2021,127.0.0.1,127.0.0.1,11848
Wed Feb 17 19:34:01 2021,127.0.0.1,127.0.0.1,11848
Wed Feb 17 19:34:01 2021,127.0.0.1,127.0.0.1,11848
Wed Feb 17 19:34:01 2021,127.0.0.1,127.0.0.1,11848
Wed Feb 17 19:34:01 2021,10.0.0.14,192.114.46.177,7552
Wed Feb 17 19:34:01 2021,10.0.0.14,192.114.46.177,7552
Wed Feb 17 19:34:01 2021,10.0.0.14,192.114.46.177,7552
Wed Feb 17 19:34:01 2021,10.0.0.14,192.114.46.177,7552
Wed Feb 17 19:34:01 2021,10.0.0.14,192.114.46.177,7552
Wed Feb 17 19:34:01 2021,10.0.0.14,192.114.46.177,7552
Wed Feb 17 19:34:01 2021,10.0.0.14,192.114.46.177,7552
Wed Feb 17 19:34:01 2021,10.0.0.14,192.114.46.177,7552
Wed Feb 17 19:34:01 2021,10.0.0.14,192.114.46.177,7552
Wed Feb 17 19:34:01 2021,10.0.0.14,192.114.46.177,7552
Wed Feb 17 19:34:01 2021,10.0.0.14,192.114.46.177,7552
Wed Feb 17 19:34:01 2021,10.0.0.14,192.114.46.177,7552
Wed Feb 17 19:34:01 2021,10.0.0.14,192.114.46.177,7552
Wed Feb 17 19:34:01 2021,10.0.0.14,192.114.46.177,7552
Wed Feb 17 19:34:01 2021,127.0.0.1,127.0.0.1,11848
Wed Feb 17 19:34:01 2021,127.0.0.1,127.0.0.1,11848
Wed Feb 17 19:34:01 2021,127.0.0.1,127.0.0.1,11848
Wed Feb 17 19:34:01 2021,127.0.0.1,127.0.0.1,11848
Wed Feb 17 19:34:01 2021,10.0.0.14,192.114.46.177,7552
Wed Feb 17 19:34:01 2021,10.0.0.14,192.114.46.177,7552
Wed Feb 17 19:34:01 2021,10.0.0.14,192.114.46.177,7552
Wed Feb 17 19:34:01 2021,10.0.0.14,192.114.46.177,7552
Wed Feb 17 19:34:01 2021,10.0.0.14,192.114.46.177,7552
Wed Feb 17 19:34:01 2021,10.0.0.14,192.114.46.177,7552
Wed Feb 17 19:34:01 2021,10.0.0.14,192.114.46.177,7552
Wed Feb 17 19:34:01 2021,10.0.0.14,192.114.46.177,7552
Wed Feb 17 19:34:01 2021,10.0.0.14,192.114.46.177,7552
Wed Feb 17 19:34:01 2021,127.0.0.1,127.0.0.1,11848
Wed Feb 17 19:34:01 2021,127.0.0.1,127.0.0.1,11848
Wed Feb 17 19:34:01 2021,127.0.0.1,127.0.0.1,11848
Wed Feb 17 19:34:01 2021,127.0.0.1,127.0.0.1,11848
Wed Feb 17 19:34:01 2021,10.0.0.14,192.114.46.177,7552
Wed Feb 17 19:34:01 2021,10.0.0.14,192.114.46.177,7552
Wed Feb 17 19:34:01 2021,10.0.0.14,192.114.46.177,7552
Wed Feb 17 19:34:01 2021,10.0.0.14,192.114.46.177,7552
Wed Feb 17 19:34:01 2021,10.0.0.14,192.114.46.177,7552
Wed Feb 17 19:34:01 2021,10.0.0.14,192.114.46.177,7552
Wed Feb 17 19:34:01 2021,10.0.0.14,192.114.46.177,7552
Wed Feb 17 19:34:01 2021,10.0.0.14,192.114.46.177,7552
Wed Feb 17 19:34:01 2021,10.0.0.14,192.114.46.177,7552
Wed Feb 17 19:34:01 2021,127.0.0.1,127.0.0.1,11848
Wed Feb 17 19:34:01 2021,127.0.0.1,127.0.0.1,11848
Wed Feb 17 19:34:01 2021,127.0.0.1,127.0.0.1,11848
Wed Feb 17 19:34:01 2021,127.0.0.1,127.0.0.1,11848
Wed Feb 17 19:34:01 2021,10.0.0.14,192.114.46.177,7552
Wed Feb 17 19:34:01 2021,10.0.0.14,192.114.46.177,7552
Wed Feb 17 19:34:01 2021,10.0.0.14,192.114.46.177,7552
Wed Feb 17 19:34:01 2021,10.0.0.14,192.114.46.177,7552
Wed Feb 17 19:34:01 2021,10.0.0.14,192.114.46.177,7552
Wed Feb 17 19:34:01 2021,10.0.0.14,192.114.46.177,7552
Wed Feb 17 19:34:01 2021,10.0.0.14,192.114.46.177,7552
Wed Feb 17 19:34:01 2021,10.0.0.14,192.114.46.177,7552
Wed Feb 17 19:34:01 2021,10.0.0.14,192.114.46.177,7552
Wed Feb 17 19:34:01 2021,10.0.0.14,192.114.46.177,7552
Wed Feb 17 19:34:01 2021,127.0.0.1,127.0.0.1,11848
Wed Feb 17 19:34:01 2021,127.0.0.1,127.0.0.1,11848
Wed Feb 17 19:34:01 2021,127.0.0.1,127.0.0.1,11848
Wed Feb 17 19:34:01 2021,127.0.0.1,127.0.0.1,11848
Wed Feb 17 19:34:01 2021,10.0.0.14,192.114.46.177,7552
Wed Feb 17 19:34:01 2021,10.0.0.14,192.114.46.177,7552
Wed Feb 17 19:34:01 2021,10.0.0.14,192.114.46.177,7552
Wed Feb 17 19:34:01 2021,10.0.0.14,192.114.46.177,7552
Wed Feb 17 19:34:01 2021,10.0.0.14,192.114.46.177,7552
Wed Feb 17 19:34:01 2021,10.0.0.14,192.114.46.177,7552
Wed Feb 17 19:34:01 2021,10.0.0.14,192.114.46.177,7552
Wed Feb 17 19:34:01 2021,10.0.0.14,192.114.46.177,7552
Wed Feb 17 19:34:01 2021,10.0.0.14,192.114.46.177,7552
Wed Feb 17 19:34:01 2021,10.0.0.14,192.114.46.177,7552
Wed Feb 17 19:34:01 2021,10.0.0.14,192.114.46.177,7552
Wed Feb 17 19:34:01 2021,10.0.0.14,192.114.46.177,7552
Wed Feb 17 19:34:01 2021,10.0.0.14,192.114.46.177,7552
Wed Feb 17 19:34:01 2021,10.0.0.14,192.114.46.177,7552
Wed Feb 17 19:34:01 2021,10.0.0.14,192.114.46.177,7552
Wed Feb 17 19:34:01 2021,10.0.0.14,192.114.46.177,7552
Wed Feb 17 19:34:01 2021,10.0.0.14,192.114.46.177,7552
Wed Feb 17 19:34:01 2021,127.0.0.1,127.0.0.1,11848
Wed Feb 17 19:34:01 2021,127.0.0.1,127.0.0.1,11848
Wed Feb 17 19:34:01 2021,127.0.0.1,127.0.0.1,11848
Wed Feb 17 19:34:01 2021,127.0.0.1,127.0.0.1,11848
Wed Feb 17 19:34:01 2021,10.0.0.14,192.114.46.177,7552
Wed Feb 17 19:34:01 2021,10.0.0.14,192.114.46.177,7552
Wed Feb 17 19:34:01 2021,10.0.0.14,192.114.46.177,7552
Wed Feb 17 19:34:01 2021,10.0.0.14,192.114.46.177,7552
Wed Feb 17 19:34:01 2021,10.0.0.14,192.114.46.177,7552
Wed Feb 17 19:34:01 2021,127.0.0.1,127.0.0.1,11848
Wed Feb 17 19:34:01 2021,127.0.0.1,127.0.0.1,11848
Wed Feb 17 19:34:01 2021,127.0.0.1,127.0.0.1,11848
Wed Feb 17 19:34:01 2021,127.0.0.1,127.0.0.1,11848
Wed Feb 17 19:34:01 2021,10.0.0.14,192.114.46.177,7552
Wed Feb 17 19:34:01 2021,10.0.0.14,192.114.46.177,7552
Wed Feb 17 19:34:01 2021,10.0.0.14,192.114.46.177,7552
Wed Feb 17 19:34:01 2021,10.0.0.14,192.114.46.177,7552
Wed Feb 17 19:34:01 2021,10.0.0.14,192.114.46.177,7552
Wed Feb 17 19:34:01 2021,10.0.0.14,192.114.46.177,7552
Wed Feb 17 19:34:01 2021,10.0.0.14,192.114.46.177,7552
Wed Feb 17 19:34:01 2021,10.0.0.14,192.114.46.177,7552
Wed Feb 17 19:34:01 2021,10.0.0.14,192.114.46.177,7552
Wed Feb 17 19:34:01 2021,10.0.0.14,192.114.46.177,7552
Wed Feb 17 19:34:01 2021,10.0.0.14,192.114.46.177,7552
Wed Feb 17 19:34:01 2021,10.0.0.14,192.114.46.177,7552
Wed Feb 17 19:34:01 2021,10.0.0.14,192.114.46.177,7552
Wed Feb 17 19:34:01 2021,10.0.0.14,192.114.46.177,7552
Wed Feb 17 19:34:01 2021,10.0.0.14,192.114.46.177,7552
Wed Feb 17 19:34:01 2021,10.0.0.14,192.114.46.177,7552
Wed Feb 17 19:34:01 2021,10.0.0.14,192.114.46.177,7552
Wed Feb 17 19:34:01 2021,10.0.0.14,192.114.46.177,7552
Wed Feb 17 19:34:01 2021,10.0.0.14,192.114.46.177,7552
Wed Feb 17 19:34:01 2021,10.0.0.14,192.114.46.177,7552
Wed Feb 17 19:34:01 2021,10.0.0.14,192.114.46.177,7552
Wed Feb 17 19:34:01 2021,10.0.0.14,192.114.46.177,7552
Wed Feb 17 19:34:01 2021,10.0.0.14,192.114.46.177,7552
Wed Feb 17 19:34:01 2021,10.0.0.14,192.114.46.177,7552
Wed Feb 17 19:34:01 2021,127.0.0.1,127.0.0.1,11848
Wed Feb 17 19:34:01 2021,127.0.0.1,127.0.0.1,11848
Wed Feb 17 19:34:01 2021,127.0.0.1,127.0.0.1,11848
Wed Feb 17 19:34:01 2021,127.0.0.1,127.0.0.1,11848
Wed Feb 17 19:34:01 2021,10.0.0.14,192.114.46.177,7552
Wed Feb 17 19:34:01 2021,10.0.0.14,192.114.46.177,7552
Wed Feb 17 19:34:01 2021,10.0.0.14,192.114.46.177,7552
Wed Feb 17 19:34:01 2021,10.0.0.14,192.114.46.177,7552
Wed Feb 17 19:34:01 2021,10.0.0.14,192.114.46.177,7552
Wed Feb 17 19:34:01 2021,10.0.0.14,192.114.46.177,7552
Wed Feb 17 19:34:01 2021,10.0.0.14,192.114.46.177,7552
Wed Feb 17 19:34:01 2021,10.0.0.14,192.114.46.177,7552
Wed Feb 17 19:34:01 2021,10.0.0.14,192.114.46.177,7552
Wed Feb 17 19:34:01 2021,10.0.0.14,192.114.46.177,7552
Wed Feb 17 19:34:01 2021,10.0.0.14,192.114.46.177,7552
Wed Feb 17 19:34:01 2021,10.0.0.14,192.114.46.177,7552
Wed Feb 17 19:34:01 2021,10.0.0.14,192.114.46.177,7552
Wed Feb 17 19:34:01 2021,127.0.0.1,127.0.0.1,11848
Wed Feb 17 19:34:01 2021,127.0.0.1,127.0.0.1,11848
Wed Feb 17 19:34:01 2021,127.0.0.1,127.0.0.1,11848
Wed Feb 17 19:34:01 2021,127.0.0.1,127.0.0.1,11848
Wed Feb 17 19:34:01 2021,10.0.0.14,192.114.46.177,7552
Wed Feb 17 19:34:01 2021,10.0.0.14,192.114.46.177,7552
Wed Feb 17 19:34:01 2021,10.0.0.14,192.114.46.177,7552
Wed Feb 17 19:34:01 2021,10.0.0.14,192.114.46.177,7552
Wed Feb 17 19:34:01 2021,10.0.0.14,192.114.46.177,7552
Wed Feb 17 19:34:01 2021,10.0.0.14,192.114.46.177,7